ticker,metric,date,value
AAPL,Assets,2008-09-27,39572000000
AAPL,Assets,2008-09-27,39572000000
AAPL,Assets,2008-09-27,36171000000
AAPL,Assets,2009-06-27,48140000000
AAPL,Assets,2009-09-26,53851000000
AAPL,Assets,2009-09-26,47501000000
AAPL,Assets,2009-09-26,47501000000
AAPL,Assets,2009-09-26,47501000000
AAPL,Assets,2009-09-26,47501000000
AAPL,Assets,2009-09-26,47501000000
AAPL,Assets,2009-12-26,53926000000
AAPL,Assets,2010-03-27,57057000000
AAPL,Assets,2010-06-26,64725000000
AAPL,Assets,2010-09-25,75183000000
AAPL,Assets,2010-09-25,75183000000
AAPL,Assets,2010-09-25,75183000000
AAPL,Assets,2010-09-25,75183000000
AAPL,Assets,2010-09-25,75183000000
AAPL,Assets,2010-12-25,86742000000
AAPL,Assets,2011-03-26,94904000000
AAPL,Assets,2011-06-25,106758000000
AAPL,Assets,2011-09-24,116371000000
AAPL,Assets,2011-09-24,116371000000
AAPL,Assets,2011-09-24,116371000000
AAPL,Assets,2011-09-24,116371000000
AAPL,Assets,2011-09-24,116371000000
AAPL,Assets,2011-12-31,138681000000
AAPL,Assets,2012-03-31,150934000000
AAPL,Assets,2012-06-30,162896000000
AAPL,Assets,2012-09-29,176064000000
AAPL,Assets,2012-09-29,176064000000
AAPL,Assets,2012-09-29,176064000000
AAPL,Assets,2012-09-29,176064000000
AAPL,Assets,2012-09-29,176064000000
AAPL,Assets,2012-12-29,196088000000
AAPL,Assets,2013-03-30,194743000000
AAPL,Assets,2013-06-29,199856000000
AAPL,Assets,2013-09-28,207000000000
AAPL,Assets,2013-09-28,207000000000
AAPL,Assets,2013-09-28,207000000000
AAPL,Assets,2013-09-28,207000000000
AAPL,Assets,2013-09-28,207000000000
AAPL,Assets,2013-12-28,225184000000
AAPL,Assets,2014-03-29,205989000000
AAPL,Assets,2014-06-28,222520000000
AAPL,Assets,2014-09-27,231839000000
AAPL,Assets,2014-09-27,231839000000
AAPL,Assets,2014-09-27,231839000000
AAPL,Assets,2014-09-27,231839000000
AAPL,Assets,2014-09-27,231839000000
AAPL,Assets,2014-12-27,261894000000
AAPL,Assets,2015-03-28,261194000000
AAPL,Assets,2015-06-27,273151000000
AAPL,Assets,2015-09-26,290479000000
AAPL,Assets,2015-09-26,290479000000
AAPL,Assets,2015-09-26,290479000000
AAPL,Assets,2015-09-26,290479000000
AAPL,Assets,2015-09-26,290345000000
AAPL,Assets,2015-12-26,293284000000
AAPL,Assets,2016-03-26,305277000000
AAPL,Assets,2016-06-25,305602000000
AAPL,Assets,2016-09-24,321686000000
AAPL,Assets,2016-09-24,321686000000
AAPL,Assets,2016-09-24,321686000000
AAPL,Assets,2016-09-24,321686000000
AAPL,Assets,2016-09-24,321686000000
AAPL,Assets,2016-12-31,331141000000
AAPL,Assets,2017-04-01,334532000000
AAPL,Assets,2017-07-01,345173000000
AAPL,Assets,2017-09-30,375319000000
AAPL,Assets,2017-09-30,375319000000
AAPL,Assets,2017-09-30,375319000000
AAPL,Assets,2017-09-30,375319000000
AAPL,Assets,2017-09-30,375319000000
AAPL,Assets,2017-12-30,406794000000
AAPL,Assets,2018-03-31,367502000000
AAPL,Assets,2018-06-30,349197000000
AAPL,Assets,2018-09-29,365725000000
AAPL,Assets,2018-09-29,365725000000
AAPL,Assets,2018-09-29,365725000000
AAPL,Assets,2018-09-29,365725000000
AAPL,Assets,2018-09-29,365725000000
AAPL,Assets,2018-12-29,373719000000
AAPL,Assets,2019-03-30,341998000000
AAPL,Assets,2019-06-29,322239000000
AAPL,Assets,2019-09-28,338516000000
AAPL,Assets,2019-09-28,338516000000
AAPL,Assets,2019-09-28,338516000000
AAPL,Assets,2019-09-28,338516000000
AAPL,Assets,2019-09-28,338516000000
AAPL,Assets,2019-12-28,340618000000
AAPL,Assets,2020-03-28,320400000000
AAPL,Assets,2020-06-27,317344000000
AAPL,Assets,2020-09-26,323888000000
AAPL,Assets,2020-09-26,323888000000
AAPL,Assets,2020-09-26,323888000000
AAPL,Assets,2020-09-26,323888000000
AAPL,Assets,2020-09-26,323888000000
AAPL,Assets,2020-12-26,354054000000
AAPL,Assets,2021-03-27,337158000000
AAPL,Assets,2021-06-26,329840000000
AAPL,Assets,2021-09-25,351002000000
AAPL,Assets,2021-09-25,351002000000
AAPL,Assets,2021-09-25,351002000000
AAPL,Assets,2021-09-25,351002000000
AAPL,Assets,2021-09-25,351002000000
AAPL,Assets,2021-12-25,381191000000
AAPL,Assets,2022-03-26,350662000000
AAPL,Assets,2022-06-25,336309000000
AAPL,Assets,2022-09-24,352755000000
AAPL,Assets,2022-09-24,352755000000
AAPL,Assets,2022-09-24,352755000000
AAPL,Assets,2022-09-24,352755000000
AAPL,Assets,2022-09-24,352755000000
AAPL,Assets,2022-12-31,346747000000
AAPL,Assets,2023-04-01,332160000000
AAPL,Assets,2023-07-01,335038000000
AAPL,Assets,2023-09-30,352583000000
AAPL,Assets,2023-09-30,352583000000
AAPL,Assets,2023-09-30,352583000000
AAPL,Assets,2023-09-30,352583000000
AAPL,Assets,2023-09-30,352583000000
AAPL,Assets,2023-12-30,353514000000
AAPL,Assets,2024-03-30,337411000000
AAPL,Assets,2024-06-29,331612000000
AAPL,Assets,2024-09-28,364980000000
AAPL,Liabilities,2008-09-27,18542000000
AAPL,Liabilities,2008-09-27,18542000000
AAPL,Liabilities,2009-06-27,22252000000
AAPL,Liabilities,2009-09-26,26019000000
AAPL,Liabilities,2009-09-26,15861000000
AAPL,Liabilities,2009-09-26,15861000000
AAPL,Liabilities,2009-09-26,15861000000
AAPL,Liabilities,2009-09-26,15861000000
AAPL,Liabilities,2009-12-26,18158000000
AAPL,Liabilities,2010-03-27,17709000000
AAPL,Liabilities,2010-06-26,21614000000
AAPL,Liabilities,2010-09-25,27392000000
AAPL,Liabilities,2010-09-25,27392000000
AAPL,Liabilities,2010-09-25,27392000000
AAPL,Liabilities,2010-09-25,27392000000
AAPL,Liabilities,2010-09-25,27392000000
AAPL,Liabilities,2010-12-25,32076000000
AAPL,Liabilities,2011-03-26,33427000000
AAPL,Liabilities,2011-06-25,37415000000
AAPL,Liabilities,2011-09-24,39756000000
AAPL,Liabilities,2011-09-24,39756000000
AAPL,Liabilities,2011-09-24,39756000000
AAPL,Liabilities,2011-09-24,39756000000
AAPL,Liabilities,2011-09-24,39756000000
AAPL,Liabilities,2011-12-31,48627000000
AAPL,Liabilities,2012-03-31,48436000000
AAPL,Liabilities,2012-06-30,51150000000
AAPL,Liabilities,2012-09-29,57854000000
AAPL,Liabilities,2012-09-29,57854000000
AAPL,Liabilities,2012-09-29,57854000000
AAPL,Liabilities,2012-09-29,57854000000
AAPL,Liabilities,2012-09-29,57854000000
AAPL,Liabilities,2012-12-29,68742000000
AAPL,Liabilities,2013-03-30,59253000000
AAPL,Liabilities,2013-06-29,76502000000
AAPL,Liabilities,2013-09-28,83451000000
AAPL,Liabilities,2013-09-28,83451000000
AAPL,Liabilities,2013-09-28,83451000000
AAPL,Liabilities,2013-09-28,83451000000
AAPL,Liabilities,2013-09-28,83451000000
AAPL,Liabilities,2013-12-28,95500000000
AAPL,Liabilities,2014-03-29,85810000000
AAPL,Liabilities,2014-06-28,101580000000
AAPL,Liabilities,2014-09-27,120292000000
AAPL,Liabilities,2014-09-27,120292000000
AAPL,Liabilities,2014-09-27,120292000000
AAPL,Liabilities,2014-09-27,120292000000
AAPL,Liabilities,2014-09-27,120292000000
AAPL,Liabilities,2014-12-27,138566000000
AAPL,Liabilities,2015-03-28,132188000000
AAPL,Liabilities,2015-06-27,147474000000
AAPL,Liabilities,2015-09-26,171124000000
AAPL,Liabilities,2015-09-26,171124000000
AAPL,Liabilities,2015-09-26,171124000000
AAPL,Liabilities,2015-09-26,171124000000
AAPL,Liabilities,2015-09-26,170990000000
AAPL,Liabilities,2015-12-26,165017000000
AAPL,Liabilities,2016-03-26,174820000000
AAPL,Liabilities,2016-06-25,179061000000
AAPL,Liabilities,2016-09-24,193437000000
AAPL,Liabilities,2016-09-24,193437000000
AAPL,Liabilities,2016-09-24,193437000000
AAPL,Liabilities,2016-09-24,193437000000
AAPL,Liabilities,2016-09-24,193437000000
AAPL,Liabilities,2016-12-31,198751000000
AAPL,Liabilities,2017-04-01,200450000000
AAPL,Liabilities,2017-07-01,212748000000
AAPL,Liabilities,2017-09-30,241272000000
AAPL,Liabilities,2017-09-30,241272000000
AAPL,Liabilities,2017-09-30,241272000000
AAPL,Liabilities,2017-09-30,241272000000
AAPL,Liabilities,2017-09-30,241272000000
AAPL,Liabilities,2017-12-30,266595000000
AAPL,Liabilities,2018-03-31,240624000000
AAPL,Liabilities,2018-06-30,234248000000
AAPL,Liabilities,2018-09-29,258578000000
AAPL,Liabilities,2018-09-29,258578000000
AAPL,Liabilities,2018-09-29,258578000000
AAPL,Liabilities,2018-09-29,258578000000
AAPL,Liabilities,2018-09-29,258578000000
AAPL,Liabilities,2018-12-29,255827000000
AAPL,Liabilities,2019-03-30,236138000000
AAPL,Liabilities,2019-06-29,225783000000
AAPL,Liabilities,2019-09-28,248028000000
AAPL,Liabilities,2019-09-28,248028000000
AAPL,Liabilities,2019-09-28,248028000000
AAPL,Liabilities,2019-09-28,248028000000
AAPL,Liabilities,2019-09-28,248028000000
AAPL,Liabilities,2019-12-28,251087000000
AAPL,Liabilities,2020-03-28,241975000000
AAPL,Liabilities,2020-06-27,245062000000
AAPL,Liabilities,2020-09-26,258549000000
AAPL,Liabilities,2020-09-26,258549000000
AAPL,Liabilities,2020-09-26,258549000000
AAPL,Liabilities,2020-09-26,258549000000
AAPL,Liabilities,2020-09-26,258549000000
AAPL,Liabilities,2020-12-26,287830000000
AAPL,Liabilities,2021-03-27,267980000000
AAPL,Liabilities,2021-06-26,265560000000
AAPL,Liabilities,2021-09-25,287912000000
AAPL,Liabilities,2021-09-25,287912000000
AAPL,Liabilities,2021-09-25,287912000000
AAPL,Liabilities,2021-09-25,287912000000
AAPL,Liabilities,2021-09-25,287912000000
AAPL,Liabilities,2021-12-25,309259000000
AAPL,Liabilities,2022-03-26,283263000000
AAPL,Liabilities,2022-06-25,278202000000
AAPL,Liabilities,2022-09-24,302083000000
AAPL,Liabilities,2022-09-24,302083000000
AAPL,Liabilities,2022-09-24,302083000000
AAPL,Liabilities,2022-09-24,302083000000
AAPL,Liabilities,2022-09-24,302083000000
AAPL,Liabilities,2022-12-31,290020000000
AAPL,Liabilities,2023-04-01,270002000000
AAPL,Liabilities,2023-07-01,274764000000
AAPL,Liabilities,2023-09-30,290437000000
AAPL,Liabilities,2023-09-30,290437000000
AAPL,Liabilities,2023-09-30,290437000000
AAPL,Liabilities,2023-09-30,290437000000
AAPL,Liabilities,2023-09-30,290437000000
AAPL,Liabilities,2023-12-30,279414000000
AAPL,Liabilities,2024-03-30,263217000000
AAPL,Liabilities,2024-06-29,264904000000
AAPL,Liabilities,2024-09-28,308030000000
AAPL,Revenues,2016-09-24,215639000000
AAPL,Revenues,2016-12-31,78351000000
AAPL,Revenues,2017-04-01,52896000000
AAPL,Revenues,2017-07-01,45408000000
AAPL,Revenues,2017-09-30,229234000000
AAPL,Revenues,2017-09-30,52579000000
AAPL,Revenues,2017-12-30,88293000000
AAPL,Revenues,2018-03-31,61137000000
AAPL,Revenues,2018-06-30,53265000000
AAPL,Revenues,2018-09-29,265595000000
AAPL,Revenues,2018-09-29,62900000000
AAPL,NetIncomeLoss,2007-09-29,3496000000
AAPL,NetIncomeLoss,2008-06-28,3698000000
AAPL,NetIncomeLoss,2008-06-28,1072000000
AAPL,NetIncomeLoss,2008-09-27,4834000000
AAPL,NetIncomeLoss,2008-09-27,6119000000
AAPL,NetIncomeLoss,2008-12-27,2255000000
AAPL,NetIncomeLoss,2008-12-27,2255000000
AAPL,NetIncomeLoss,2009-03-28,3875000000
AAPL,NetIncomeLoss,2009-03-28,1620000000
AAPL,NetIncomeLoss,2009-03-28,1620000000
AAPL,NetIncomeLoss,2009-06-27,4039000000
AAPL,NetIncomeLoss,2009-06-27,5703000000
AAPL,NetIncomeLoss,2009-06-27,1229000000
AAPL,NetIncomeLoss,2009-06-27,1828000000
AAPL,NetIncomeLoss,2009-06-27,1828000000
AAPL,NetIncomeLoss,2009-09-26,5704000000
AAPL,NetIncomeLoss,2009-09-26,8235000000
AAPL,NetIncomeLoss,2009-09-26,8235000000
AAPL,NetIncomeLoss,2009-09-26,2532000000
AAPL,NetIncomeLoss,2009-12-26,3378000000
AAPL,NetIncomeLoss,2009-12-26,3378000000
AAPL,NetIncomeLoss,2009-12-26,3378000000
AAPL,NetIncomeLoss,2009-12-26,3378000000
AAPL,NetIncomeLoss,2010-03-27,6452000000
AAPL,NetIncomeLoss,2010-03-27,6452000000
AAPL,NetIncomeLoss,2010-03-27,3074000000
AAPL,NetIncomeLoss,2010-03-27,3074000000
AAPL,NetIncomeLoss,2010-03-27,3074000000
AAPL,NetIncomeLoss,2010-03-27,3074000000
AAPL,NetIncomeLoss,2010-06-26,9705000000
AAPL,NetIncomeLoss,2010-06-26,9705000000
AAPL,NetIncomeLoss,2010-06-26,3253000000
AAPL,NetIncomeLoss,2010-06-26,3253000000
AAPL,NetIncomeLoss,2010-06-26,3253000000
AAPL,NetIncomeLoss,2010-06-26,3253000000
AAPL,NetIncomeLoss,2010-09-25,14013000000
AAPL,NetIncomeLoss,2010-09-25,14013000000
AAPL,NetIncomeLoss,2010-09-25,14013000000
AAPL,NetIncomeLoss,2010-09-25,4308000000
AAPL,NetIncomeLoss,2010-09-25,4308000000
AAPL,NetIncomeLoss,2010-12-25,6004000000
AAPL,NetIncomeLoss,2010-12-25,6004000000
AAPL,NetIncomeLoss,2010-12-25,6004000000
AAPL,NetIncomeLoss,2010-12-25,6004000000
AAPL,NetIncomeLoss,2011-03-26,11991000000
AAPL,NetIncomeLoss,2011-03-26,11991000000
AAPL,NetIncomeLoss,2011-03-26,5987000000
AAPL,NetIncomeLoss,2011-03-26,5987000000
AAPL,NetIncomeLoss,2011-03-26,5987000000
AAPL,NetIncomeLoss,2011-03-26,5987000000
AAPL,NetIncomeLoss,2011-06-25,19299000000
AAPL,NetIncomeLoss,2011-06-25,19299000000
AAPL,NetIncomeLoss,2011-06-25,7308000000
AAPL,NetIncomeLoss,2011-06-25,7308000000
AAPL,NetIncomeLoss,2011-06-25,7308000000
AAPL,NetIncomeLoss,2011-06-25,7308000000
AAPL,NetIncomeLoss,2011-09-24,25922000000
AAPL,NetIncomeLoss,2011-09-24,25922000000
AAPL,NetIncomeLoss,2011-09-24,25922000000
AAPL,NetIncomeLoss,2011-09-24,6623000000
AAPL,NetIncomeLoss,2011-09-24,6623000000
AAPL,NetIncomeLoss,2011-12-31,13064000000
AAPL,NetIncomeLoss,2011-12-31,13064000000
AAPL,NetIncomeLoss,2011-12-31,13064000000
AAPL,NetIncomeLoss,2011-12-31,13064000000
AAPL,NetIncomeLoss,2012-03-31,24686000000
AAPL,NetIncomeLoss,2012-03-31,24686000000
AAPL,NetIncomeLoss,2012-03-31,11622000000
AAPL,NetIncomeLoss,2012-03-31,11622000000
AAPL,NetIncomeLoss,2012-03-31,11622000000
AAPL,NetIncomeLoss,2012-03-31,11622000000
AAPL,NetIncomeLoss,2012-06-30,33510000000
AAPL,NetIncomeLoss,2012-06-30,33510000000
AAPL,NetIncomeLoss,2012-06-30,8824000000
AAPL,NetIncomeLoss,2012-06-30,8824000000
AAPL,NetIncomeLoss,2012-06-30,8824000000
AAPL,NetIncomeLoss,2012-06-30,8824000000
AAPL,NetIncomeLoss,2012-09-29,41733000000
AAPL,NetIncomeLoss,2012-09-29,41733000000
AAPL,NetIncomeLoss,2012-09-29,41733000000
AAPL,NetIncomeLoss,2012-09-29,8223000000
AAPL,NetIncomeLoss,2012-09-29,8223000000
AAPL,NetIncomeLoss,2012-12-29,13078000000
AAPL,NetIncomeLoss,2012-12-29,13078000000
AAPL,NetIncomeLoss,2012-12-29,13078000000
AAPL,NetIncomeLoss,2012-12-29,13078000000
AAPL,NetIncomeLoss,2013-03-30,22625000000
AAPL,NetIncomeLoss,2013-03-30,22625000000
AAPL,NetIncomeLoss,2013-03-30,9547000000
AAPL,NetIncomeLoss,2013-03-30,9547000000
AAPL,NetIncomeLoss,2013-03-30,9547000000
AAPL,NetIncomeLoss,2013-03-30,9547000000
AAPL,NetIncomeLoss,2013-06-29,29525000000
AAPL,NetIncomeLoss,2013-06-29,29525000000
AAPL,NetIncomeLoss,2013-06-29,6900000000
AAPL,NetIncomeLoss,2013-06-29,6900000000
AAPL,NetIncomeLoss,2013-06-29,6900000000
AAPL,NetIncomeLoss,2013-06-29,6900000000
AAPL,NetIncomeLoss,2013-09-28,37037000000
AAPL,NetIncomeLoss,2013-09-28,37037000000
AAPL,NetIncomeLoss,2013-09-28,37037000000
AAPL,NetIncomeLoss,2013-09-28,7512000000
AAPL,NetIncomeLoss,2013-09-28,7512000000
AAPL,NetIncomeLoss,2013-12-28,13072000000
AAPL,NetIncomeLoss,2013-12-28,13072000000
AAPL,NetIncomeLoss,2013-12-28,13072000000
AAPL,NetIncomeLoss,2013-12-28,13072000000
AAPL,NetIncomeLoss,2014-03-29,23295000000
AAPL,NetIncomeLoss,2014-03-29,23295000000
AAPL,NetIncomeLoss,2014-03-29,10223000000
AAPL,NetIncomeLoss,2014-03-29,10223000000
AAPL,NetIncomeLoss,2014-03-29,10223000000
AAPL,NetIncomeLoss,2014-03-29,10223000000
AAPL,NetIncomeLoss,2014-06-28,31043000000
AAPL,NetIncomeLoss,2014-06-28,31043000000
AAPL,NetIncomeLoss,2014-06-28,7748000000
AAPL,NetIncomeLoss,2014-06-28,7748000000
AAPL,NetIncomeLoss,2014-06-28,7748000000
AAPL,NetIncomeLoss,2014-06-28,7748000000
AAPL,NetIncomeLoss,2014-09-27,39510000000
AAPL,NetIncomeLoss,2014-09-27,39510000000
AAPL,NetIncomeLoss,2014-09-27,39510000000
AAPL,NetIncomeLoss,2014-09-27,8467000000
AAPL,NetIncomeLoss,2014-09-27,8467000000
AAPL,NetIncomeLoss,2014-12-27,18024000000
AAPL,NetIncomeLoss,2014-12-27,18024000000
AAPL,NetIncomeLoss,2014-12-27,18024000000
AAPL,NetIncomeLoss,2014-12-27,18024000000
AAPL,NetIncomeLoss,2015-03-28,31593000000
AAPL,NetIncomeLoss,2015-03-28,31593000000
AAPL,NetIncomeLoss,2015-03-28,13569000000
AAPL,NetIncomeLoss,2015-03-28,13569000000
AAPL,NetIncomeLoss,2015-03-28,13569000000
AAPL,NetIncomeLoss,2015-03-28,13569000000
AAPL,NetIncomeLoss,2015-06-27,42270000000
AAPL,NetIncomeLoss,2015-06-27,42270000000
AAPL,NetIncomeLoss,2015-06-27,10677000000
AAPL,NetIncomeLoss,2015-06-27,10677000000
AAPL,NetIncomeLoss,2015-06-27,10677000000
AAPL,NetIncomeLoss,2015-06-27,10677000000
AAPL,NetIncomeLoss,2015-09-26,53394000000
AAPL,NetIncomeLoss,2015-09-26,53394000000
AAPL,NetIncomeLoss,2015-09-26,53394000000
AAPL,NetIncomeLoss,2015-09-26,11124000000
AAPL,NetIncomeLoss,2015-09-26,11124000000
AAPL,NetIncomeLoss,2015-12-26,18361000000
AAPL,NetIncomeLoss,2015-12-26,18361000000
AAPL,NetIncomeLoss,2015-12-26,18361000000
AAPL,NetIncomeLoss,2015-12-26,18361000000
AAPL,NetIncomeLoss,2016-03-26,28877000000
AAPL,NetIncomeLoss,2016-03-26,28877000000
AAPL,NetIncomeLoss,2016-03-26,10516000000
AAPL,NetIncomeLoss,2016-03-26,10516000000
AAPL,NetIncomeLoss,2016-03-26,10516000000
AAPL,NetIncomeLoss,2016-03-26,10516000000
AAPL,NetIncomeLoss,2016-06-25,36673000000
AAPL,NetIncomeLoss,2016-06-25,36673000000
AAPL,NetIncomeLoss,2016-06-25,7796000000
AAPL,NetIncomeLoss,2016-06-25,7796000000
AAPL,NetIncomeLoss,2016-06-25,7796000000
AAPL,NetIncomeLoss,2016-06-25,7796000000
AAPL,NetIncomeLoss,2016-09-24,45687000000
AAPL,NetIncomeLoss,2016-09-24,45687000000
AAPL,NetIncomeLoss,2016-09-24,45687000000
AAPL,NetIncomeLoss,2016-09-24,9014000000
AAPL,NetIncomeLoss,2016-09-24,9014000000
AAPL,NetIncomeLoss,2016-12-31,17891000000
AAPL,NetIncomeLoss,2016-12-31,17891000000
AAPL,NetIncomeLoss,2016-12-31,17891000000
AAPL,NetIncomeLoss,2016-12-31,17891000000
AAPL,NetIncomeLoss,2017-04-01,28920000000
AAPL,NetIncomeLoss,2017-04-01,28920000000
AAPL,NetIncomeLoss,2017-04-01,11029000000
AAPL,NetIncomeLoss,2017-04-01,11029000000
AAPL,NetIncomeLoss,2017-04-01,11029000000
AAPL,NetIncomeLoss,2017-04-01,11029000000
AAPL,NetIncomeLoss,2017-07-01,37637000000
AAPL,NetIncomeLoss,2017-07-01,37637000000
AAPL,NetIncomeLoss,2017-07-01,8717000000
AAPL,NetIncomeLoss,2017-07-01,8717000000
AAPL,NetIncomeLoss,2017-07-01,8717000000
AAPL,NetIncomeLoss,2017-07-01,8717000000
AAPL,NetIncomeLoss,2017-09-30,48351000000
AAPL,NetIncomeLoss,2017-09-30,48351000000
AAPL,NetIncomeLoss,2017-09-30,48351000000
AAPL,NetIncomeLoss,2017-09-30,10714000000
AAPL,NetIncomeLoss,2017-09-30,10714000000
AAPL,NetIncomeLoss,2017-12-30,20065000000
AAPL,NetIncomeLoss,2017-12-30,20065000000
AAPL,NetIncomeLoss,2017-12-30,20065000000
AAPL,NetIncomeLoss,2017-12-30,20065000000
AAPL,NetIncomeLoss,2018-03-31,33887000000
AAPL,NetIncomeLoss,2018-03-31,33887000000
AAPL,NetIncomeLoss,2018-03-31,13822000000
AAPL,NetIncomeLoss,2018-03-31,13822000000
AAPL,NetIncomeLoss,2018-03-31,13822000000
AAPL,NetIncomeLoss,2018-03-31,13822000000
AAPL,NetIncomeLoss,2018-06-30,45406000000
AAPL,NetIncomeLoss,2018-06-30,45406000000
AAPL,NetIncomeLoss,2018-06-30,11519000000
AAPL,NetIncomeLoss,2018-06-30,11519000000
AAPL,NetIncomeLoss,2018-06-30,11519000000
AAPL,NetIncomeLoss,2018-06-30,11519000000
AAPL,NetIncomeLoss,2018-09-29,59531000000
AAPL,NetIncomeLoss,2018-09-29,59531000000
AAPL,NetIncomeLoss,2018-09-29,59531000000
AAPL,NetIncomeLoss,2018-09-29,14125000000
AAPL,NetIncomeLoss,2018-09-29,14125000000
AAPL,NetIncomeLoss,2018-12-29,19965000000
AAPL,NetIncomeLoss,2018-12-29,19965000000
AAPL,NetIncomeLoss,2018-12-29,19965000000
AAPL,NetIncomeLoss,2018-12-29,19965000000
AAPL,NetIncomeLoss,2019-03-30,31526000000
AAPL,NetIncomeLoss,2019-03-30,31526000000
AAPL,NetIncomeLoss,2019-03-30,11561000000
AAPL,NetIncomeLoss,2019-03-30,11561000000
AAPL,NetIncomeLoss,2019-03-30,11561000000
AAPL,NetIncomeLoss,2019-03-30,11561000000
AAPL,NetIncomeLoss,2019-06-29,41570000000
AAPL,NetIncomeLoss,2019-06-29,41570000000
AAPL,NetIncomeLoss,2019-06-29,10044000000
AAPL,NetIncomeLoss,2019-06-29,10044000000
AAPL,NetIncomeLoss,2019-06-29,10044000000
AAPL,NetIncomeLoss,2019-06-29,10044000000
AAPL,NetIncomeLoss,2019-09-28,55256000000
AAPL,NetIncomeLoss,2019-09-28,55256000000
AAPL,NetIncomeLoss,2019-09-28,55256000000
AAPL,NetIncomeLoss,2019-09-28,13686000000
AAPL,NetIncomeLoss,2019-09-28,13686000000
AAPL,NetIncomeLoss,2019-12-28,22236000000
AAPL,NetIncomeLoss,2019-12-28,22236000000
AAPL,NetIncomeLoss,2019-12-28,22236000000
AAPL,NetIncomeLoss,2020-03-28,33485000000
AAPL,NetIncomeLoss,2020-03-28,33485000000
AAPL,NetIncomeLoss,2020-03-28,11249000000
AAPL,NetIncomeLoss,2020-03-28,11249000000
AAPL,NetIncomeLoss,2020-03-28,11249000000
AAPL,NetIncomeLoss,2020-06-27,44738000000
AAPL,NetIncomeLoss,2020-06-27,44738000000
AAPL,NetIncomeLoss,2020-06-27,11253000000
AAPL,NetIncomeLoss,2020-06-27,11253000000
AAPL,NetIncomeLoss,2020-06-27,11253000000
AAPL,NetIncomeLoss,2020-09-26,57411000000
AAPL,NetIncomeLoss,2020-09-26,57411000000
AAPL,NetIncomeLoss,2020-09-26,57411000000
AAPL,NetIncomeLoss,2020-09-26,12673000000
AAPL,NetIncomeLoss,2020-12-26,28755000000
AAPL,NetIncomeLoss,2020-12-26,28755000000
AAPL,NetIncomeLoss,2021-03-27,52385000000
AAPL,NetIncomeLoss,2021-03-27,52385000000
AAPL,NetIncomeLoss,2021-03-27,23630000000
AAPL,NetIncomeLoss,2021-03-27,23630000000
AAPL,NetIncomeLoss,2021-06-26,74129000000
AAPL,NetIncomeLoss,2021-06-26,74129000000
AAPL,NetIncomeLoss,2021-06-26,21744000000
AAPL,NetIncomeLoss,2021-06-26,21744000000
AAPL,NetIncomeLoss,2021-09-25,94680000000
AAPL,NetIncomeLoss,2021-09-25,94680000000
AAPL,NetIncomeLoss,2021-09-25,94680000000
AAPL,NetIncomeLoss,2021-12-25,34630000000
AAPL,NetIncomeLoss,2021-12-25,34630000000
AAPL,NetIncomeLoss,2022-03-26,59640000000
AAPL,NetIncomeLoss,2022-03-26,59640000000
AAPL,NetIncomeLoss,2022-03-26,25010000000
AAPL,NetIncomeLoss,2022-03-26,25010000000
AAPL,NetIncomeLoss,2022-06-25,79082000000
AAPL,NetIncomeLoss,2022-06-25,79082000000
AAPL,NetIncomeLoss,2022-06-25,19442000000
AAPL,NetIncomeLoss,2022-06-25,19442000000
AAPL,NetIncomeLoss,2022-09-24,99803000000
AAPL,NetIncomeLoss,2022-09-24,99803000000
AAPL,NetIncomeLoss,2022-09-24,99803000000
AAPL,NetIncomeLoss,2022-12-31,29998000000
AAPL,NetIncomeLoss,2022-12-31,29998000000
AAPL,NetIncomeLoss,2023-04-01,54158000000
AAPL,NetIncomeLoss,2023-04-01,54158000000
AAPL,NetIncomeLoss,2023-04-01,24160000000
AAPL,NetIncomeLoss,2023-04-01,24160000000
AAPL,NetIncomeLoss,2023-07-01,74039000000
AAPL,NetIncomeLoss,2023-07-01,74039000000
AAPL,NetIncomeLoss,2023-07-01,19881000000
AAPL,NetIncomeLoss,2023-07-01,19881000000
AAPL,NetIncomeLoss,2023-09-30,96995000000
AAPL,NetIncomeLoss,2023-09-30,96995000000
AAPL,NetIncomeLoss,2023-12-30,33916000000
AAPL,NetIncomeLoss,2024-03-30,57552000000
AAPL,NetIncomeLoss,2024-03-30,23636000000
AAPL,NetIncomeLoss,2024-06-29,79000000000
AAPL,NetIncomeLoss,2024-06-29,21448000000
AAPL,NetIncomeLoss,2024-09-28,93736000000
AAPL,GrossProfit,2007-09-29,8154000000
AAPL,GrossProfit,2008-06-28,8406000000
AAPL,GrossProfit,2008-06-28,2600000000
AAPL,GrossProfit,2008-09-27,11145000000
AAPL,GrossProfit,2008-09-27,13197000000
AAPL,GrossProfit,2008-12-27,4507000000
AAPL,GrossProfit,2008-12-27,4507000000
AAPL,GrossProfit,2009-03-28,8134000000
AAPL,GrossProfit,2009-03-28,3627000000
AAPL,GrossProfit,2009-03-28,3627000000
AAPL,GrossProfit,2009-06-27,9526000000
AAPL,GrossProfit,2009-06-27,12117000000
AAPL,GrossProfit,2009-06-27,3023000000
AAPL,GrossProfit,2009-06-27,3983000000
AAPL,GrossProfit,2009-06-27,3983000000
AAPL,GrossProfit,2009-09-26,13140000000
AAPL,GrossProfit,2009-09-26,17222000000
AAPL,GrossProfit,2009-09-26,17222000000
AAPL,GrossProfit,2009-09-26,5105000000
AAPL,GrossProfit,2009-12-26,6411000000
AAPL,GrossProfit,2009-12-26,6411000000
AAPL,GrossProfit,2009-12-26,6411000000
AAPL,GrossProfit,2009-12-26,6411000000
AAPL,GrossProfit,2010-03-27,12036000000
AAPL,GrossProfit,2010-03-27,12036000000
AAPL,GrossProfit,2010-03-27,5625000000
AAPL,GrossProfit,2010-03-27,5625000000
AAPL,GrossProfit,2010-03-27,5625000000
AAPL,GrossProfit,2010-03-27,5625000000
AAPL,GrossProfit,2010-06-26,18172000000
AAPL,GrossProfit,2010-06-26,18172000000
AAPL,GrossProfit,2010-06-26,6136000000
AAPL,GrossProfit,2010-06-26,6136000000
AAPL,GrossProfit,2010-06-26,6136000000
AAPL,GrossProfit,2010-06-26,6136000000
AAPL,GrossProfit,2010-09-25,25684000000
AAPL,GrossProfit,2010-09-25,25684000000
AAPL,GrossProfit,2010-09-25,25684000000
AAPL,GrossProfit,2010-09-25,7512000000
AAPL,GrossProfit,2010-09-25,7512000000
AAPL,GrossProfit,2010-12-25,10298000000
AAPL,GrossProfit,2010-12-25,10298000000
AAPL,GrossProfit,2010-12-25,10298000000
AAPL,GrossProfit,2010-12-25,10298000000
AAPL,GrossProfit,2011-03-26,20516000000
AAPL,GrossProfit,2011-03-26,20516000000
AAPL,GrossProfit,2011-03-26,10218000000
AAPL,GrossProfit,2011-03-26,10218000000
AAPL,GrossProfit,2011-03-26,10218000000
AAPL,GrossProfit,2011-03-26,10218000000
AAPL,GrossProfit,2011-06-25,32438000000
AAPL,GrossProfit,2011-06-25,32438000000
AAPL,GrossProfit,2011-06-25,11922000000
AAPL,GrossProfit,2011-06-25,11922000000
AAPL,GrossProfit,2011-06-25,11922000000
AAPL,GrossProfit,2011-06-25,11922000000
AAPL,GrossProfit,2011-09-24,43818000000
AAPL,GrossProfit,2011-09-24,43818000000
AAPL,GrossProfit,2011-09-24,43818000000
AAPL,GrossProfit,2011-09-24,11380000000
AAPL,GrossProfit,2011-09-24,11380000000
AAPL,GrossProfit,2011-12-31,20703000000
AAPL,GrossProfit,2011-12-31,20703000000
AAPL,GrossProfit,2011-12-31,20703000000
AAPL,GrossProfit,2011-12-31,20703000000
AAPL,GrossProfit,2012-03-31,39267000000
AAPL,GrossProfit,2012-03-31,39267000000
AAPL,GrossProfit,2012-03-31,18564000000
AAPL,GrossProfit,2012-03-31,18564000000
AAPL,GrossProfit,2012-03-31,18564000000
AAPL,GrossProfit,2012-03-31,18564000000
AAPL,GrossProfit,2012-06-30,54261000000
AAPL,GrossProfit,2012-06-30,54261000000
AAPL,GrossProfit,2012-06-30,14994000000
AAPL,GrossProfit,2012-06-30,14994000000
AAPL,GrossProfit,2012-06-30,14994000000
AAPL,GrossProfit,2012-06-30,14994000000
AAPL,GrossProfit,2012-09-29,68662000000
AAPL,GrossProfit,2012-09-29,68662000000
AAPL,GrossProfit,2012-09-29,68662000000
AAPL,GrossProfit,2012-09-29,14401000000
AAPL,GrossProfit,2012-09-29,14401000000
AAPL,GrossProfit,2012-12-29,21060000000
AAPL,GrossProfit,2012-12-29,21060000000
AAPL,GrossProfit,2012-12-29,21060000000
AAPL,GrossProfit,2012-12-29,21060000000
AAPL,GrossProfit,2013-03-30,37409000000
AAPL,GrossProfit,2013-03-30,37409000000
AAPL,GrossProfit,2013-03-30,16349000000
AAPL,GrossProfit,2013-03-30,16349000000
AAPL,GrossProfit,2013-03-30,16349000000
AAPL,GrossProfit,2013-03-30,16349000000
AAPL,GrossProfit,2013-06-29,50433000000
AAPL,GrossProfit,2013-06-29,50433000000
AAPL,GrossProfit,2013-06-29,13024000000
AAPL,GrossProfit,2013-06-29,13024000000
AAPL,GrossProfit,2013-06-29,13024000000
AAPL,GrossProfit,2013-06-29,13024000000
AAPL,GrossProfit,2013-09-28,64304000000
AAPL,GrossProfit,2013-09-28,64304000000
AAPL,GrossProfit,2013-09-28,64304000000
AAPL,GrossProfit,2013-09-28,13871000000
AAPL,GrossProfit,2013-09-28,13871000000
AAPL,GrossProfit,2013-12-28,21846000000
AAPL,GrossProfit,2013-12-28,21846000000
AAPL,GrossProfit,2013-12-28,21846000000
AAPL,GrossProfit,2013-12-28,21846000000
AAPL,GrossProfit,2014-03-29,39793000000
AAPL,GrossProfit,2014-03-29,39793000000
AAPL,GrossProfit,2014-03-29,17947000000
AAPL,GrossProfit,2014-03-29,17947000000
AAPL,GrossProfit,2014-03-29,17947000000
AAPL,GrossProfit,2014-03-29,17947000000
AAPL,GrossProfit,2014-06-28,54528000000
AAPL,GrossProfit,2014-06-28,54528000000
AAPL,GrossProfit,2014-06-28,14735000000
AAPL,GrossProfit,2014-06-28,14735000000
AAPL,GrossProfit,2014-06-28,14735000000
AAPL,GrossProfit,2014-06-28,14735000000
AAPL,GrossProfit,2014-09-27,70537000000
AAPL,GrossProfit,2014-09-27,70537000000
AAPL,GrossProfit,2014-09-27,70537000000
AAPL,GrossProfit,2014-09-27,16009000000
AAPL,GrossProfit,2014-09-27,16009000000
AAPL,GrossProfit,2014-12-27,29741000000
AAPL,GrossProfit,2014-12-27,29741000000
AAPL,GrossProfit,2014-12-27,29741000000
AAPL,GrossProfit,2014-12-27,29741000000
AAPL,GrossProfit,2015-03-28,53397000000
AAPL,GrossProfit,2015-03-28,53397000000
AAPL,GrossProfit,2015-03-28,23656000000
AAPL,GrossProfit,2015-03-28,23656000000
AAPL,GrossProfit,2015-03-28,23656000000
AAPL,GrossProfit,2015-03-28,23656000000
AAPL,GrossProfit,2015-06-27,73078000000
AAPL,GrossProfit,2015-06-27,73078000000
AAPL,GrossProfit,2015-06-27,19681000000
AAPL,GrossProfit,2015-06-27,19681000000
AAPL,GrossProfit,2015-06-27,19681000000
AAPL,GrossProfit,2015-06-27,19681000000
AAPL,GrossProfit,2015-09-26,93626000000
AAPL,GrossProfit,2015-09-26,93626000000
AAPL,GrossProfit,2015-09-26,93626000000
AAPL,GrossProfit,2015-09-26,20548000000
AAPL,GrossProfit,2015-09-26,20548000000
AAPL,GrossProfit,2015-12-26,30423000000
AAPL,GrossProfit,2015-12-26,30423000000
AAPL,GrossProfit,2015-12-26,30423000000
AAPL,GrossProfit,2015-12-26,30423000000
AAPL,GrossProfit,2016-03-26,50344000000
AAPL,GrossProfit,2016-03-26,50344000000
AAPL,GrossProfit,2016-03-26,19921000000
AAPL,GrossProfit,2016-03-26,19921000000
AAPL,GrossProfit,2016-03-26,19921000000
AAPL,GrossProfit,2016-03-26,19921000000
AAPL,GrossProfit,2016-06-25,66450000000
AAPL,GrossProfit,2016-06-25,66450000000
AAPL,GrossProfit,2016-06-25,16106000000
AAPL,GrossProfit,2016-06-25,16106000000
AAPL,GrossProfit,2016-06-25,16106000000
AAPL,GrossProfit,2016-06-25,16106000000
AAPL,GrossProfit,2016-09-24,84263000000
AAPL,GrossProfit,2016-09-24,84263000000
AAPL,GrossProfit,2016-09-24,84263000000
AAPL,GrossProfit,2016-09-24,17813000000
AAPL,GrossProfit,2016-09-24,17813000000
AAPL,GrossProfit,2016-12-31,30176000000
AAPL,GrossProfit,2016-12-31,30176000000
AAPL,GrossProfit,2016-12-31,30176000000
AAPL,GrossProfit,2016-12-31,30176000000
AAPL,GrossProfit,2017-04-01,50767000000
AAPL,GrossProfit,2017-04-01,50767000000
AAPL,GrossProfit,2017-04-01,20591000000
AAPL,GrossProfit,2017-04-01,20591000000
AAPL,GrossProfit,2017-04-01,20591000000
AAPL,GrossProfit,2017-04-01,20591000000
AAPL,GrossProfit,2017-07-01,68255000000
AAPL,GrossProfit,2017-07-01,68255000000
AAPL,GrossProfit,2017-07-01,17488000000
AAPL,GrossProfit,2017-07-01,17488000000
AAPL,GrossProfit,2017-07-01,17488000000
AAPL,GrossProfit,2017-07-01,17488000000
AAPL,GrossProfit,2017-09-30,88186000000
AAPL,GrossProfit,2017-09-30,88186000000
AAPL,GrossProfit,2017-09-30,88186000000
AAPL,GrossProfit,2017-09-30,19931000000
AAPL,GrossProfit,2017-09-30,19931000000
AAPL,GrossProfit,2017-12-30,33912000000
AAPL,GrossProfit,2017-12-30,33912000000
AAPL,GrossProfit,2017-12-30,33912000000
AAPL,GrossProfit,2017-12-30,33912000000
AAPL,GrossProfit,2018-03-31,57334000000
AAPL,GrossProfit,2018-03-31,57334000000
AAPL,GrossProfit,2018-03-31,23422000000
AAPL,GrossProfit,2018-03-31,23422000000
AAPL,GrossProfit,2018-03-31,23422000000
AAPL,GrossProfit,2018-03-31,23422000000
AAPL,GrossProfit,2018-06-30,77755000000
AAPL,GrossProfit,2018-06-30,77755000000
AAPL,GrossProfit,2018-06-30,20421000000
AAPL,GrossProfit,2018-06-30,20421000000
AAPL,GrossProfit,2018-06-30,20421000000
AAPL,GrossProfit,2018-06-30,20421000000
AAPL,GrossProfit,2018-09-29,101839000000
AAPL,GrossProfit,2018-09-29,101839000000
AAPL,GrossProfit,2018-09-29,101839000000
AAPL,GrossProfit,2018-09-29,24084000000
AAPL,GrossProfit,2018-09-29,24084000000
AAPL,GrossProfit,2018-12-29,32031000000
AAPL,GrossProfit,2018-12-29,32031000000
AAPL,GrossProfit,2018-12-29,32031000000
AAPL,GrossProfit,2018-12-29,32031000000
AAPL,GrossProfit,2019-03-30,53852000000
AAPL,GrossProfit,2019-03-30,53852000000
AAPL,GrossProfit,2019-03-30,21821000000
AAPL,GrossProfit,2019-03-30,21821000000
AAPL,GrossProfit,2019-03-30,21821000000
AAPL,GrossProfit,2019-03-30,21821000000
AAPL,GrossProfit,2019-06-29,74079000000
AAPL,GrossProfit,2019-06-29,74079000000
AAPL,GrossProfit,2019-06-29,20227000000
AAPL,GrossProfit,2019-06-29,20227000000
AAPL,GrossProfit,2019-06-29,20227000000
AAPL,GrossProfit,2019-06-29,20227000000
AAPL,GrossProfit,2019-09-28,98392000000
AAPL,GrossProfit,2019-09-28,98392000000
AAPL,GrossProfit,2019-09-28,98392000000
AAPL,GrossProfit,2019-09-28,24313000000
AAPL,GrossProfit,2019-09-28,24313000000
AAPL,GrossProfit,2019-12-28,35217000000
AAPL,GrossProfit,2019-12-28,35217000000
AAPL,GrossProfit,2019-12-28,35217000000
AAPL,GrossProfit,2020-03-28,57587000000
AAPL,GrossProfit,2020-03-28,57587000000
AAPL,GrossProfit,2020-03-28,22370000000
AAPL,GrossProfit,2020-03-28,22370000000
AAPL,GrossProfit,2020-03-28,22370000000
AAPL,GrossProfit,2020-06-27,80267000000
AAPL,GrossProfit,2020-06-27,80267000000
AAPL,GrossProfit,2020-06-27,22680000000
AAPL,GrossProfit,2020-06-27,22680000000
AAPL,GrossProfit,2020-06-27,22680000000
AAPL,GrossProfit,2020-09-26,104956000000
AAPL,GrossProfit,2020-09-26,104956000000
AAPL,GrossProfit,2020-09-26,104956000000
AAPL,GrossProfit,2020-09-26,24689000000
AAPL,GrossProfit,2020-12-26,44328000000
AAPL,GrossProfit,2020-12-26,44328000000
AAPL,GrossProfit,2021-03-27,82407000000
AAPL,GrossProfit,2021-03-27,82407000000
AAPL,GrossProfit,2021-03-27,38079000000
AAPL,GrossProfit,2021-03-27,38079000000
AAPL,GrossProfit,2021-06-26,117662000000
AAPL,GrossProfit,2021-06-26,117662000000
AAPL,GrossProfit,2021-06-26,35255000000
AAPL,GrossProfit,2021-06-26,35255000000
AAPL,GrossProfit,2021-09-25,152836000000
AAPL,GrossProfit,2021-09-25,152836000000
AAPL,GrossProfit,2021-09-25,152836000000
AAPL,GrossProfit,2021-12-25,54243000000
AAPL,GrossProfit,2021-12-25,54243000000
AAPL,GrossProfit,2022-03-26,96802000000
AAPL,GrossProfit,2022-03-26,96802000000
AAPL,GrossProfit,2022-03-26,42559000000
AAPL,GrossProfit,2022-03-26,42559000000
AAPL,GrossProfit,2022-06-25,132687000000
AAPL,GrossProfit,2022-06-25,132687000000
AAPL,GrossProfit,2022-06-25,35885000000
AAPL,GrossProfit,2022-06-25,35885000000
AAPL,GrossProfit,2022-09-24,170782000000
AAPL,GrossProfit,2022-09-24,170782000000
AAPL,GrossProfit,2022-09-24,170782000000
AAPL,GrossProfit,2022-12-31,50332000000
AAPL,GrossProfit,2022-12-31,50332000000
AAPL,GrossProfit,2023-04-01,92308000000
AAPL,GrossProfit,2023-04-01,92308000000
AAPL,GrossProfit,2023-04-01,41976000000
AAPL,GrossProfit,2023-04-01,41976000000
AAPL,GrossProfit,2023-07-01,128721000000
AAPL,GrossProfit,2023-07-01,128721000000
AAPL,GrossProfit,2023-07-01,36413000000
AAPL,GrossProfit,2023-07-01,36413000000
AAPL,GrossProfit,2023-09-30,169148000000
AAPL,GrossProfit,2023-09-30,169148000000
AAPL,GrossProfit,2023-12-30,54855000000
AAPL,GrossProfit,2024-03-30,97126000000
AAPL,GrossProfit,2024-03-30,42271000000
AAPL,GrossProfit,2024-06-29,136804000000
AAPL,GrossProfit,2024-06-29,39678000000
AAPL,GrossProfit,2024-09-28,180683000000
MSFT,Assets,2009-06-30,77888000000
MSFT,Assets,2009-06-30,77888000000
MSFT,Assets,2009-06-30,77888000000
MSFT,Assets,2009-06-30,77888000000
MSFT,Assets,2009-09-30,81612000000
MSFT,Assets,2009-12-31,82096000000
MSFT,Assets,2010-03-31,84910000000
MSFT,Assets,2010-06-30,86113000000
MSFT,Assets,2010-06-30,86113000000
MSFT,Assets,2010-06-30,86113000000
MSFT,Assets,2010-06-30,86113000000
MSFT,Assets,2010-06-30,86113000000
MSFT,Assets,2010-09-30,91540000000
MSFT,Assets,2010-12-31,92306000000
MSFT,Assets,2011-03-31,99727000000
MSFT,Assets,2011-06-30,108704000000
MSFT,Assets,2011-06-30,108704000000
MSFT,Assets,2011-06-30,108704000000
MSFT,Assets,2011-06-30,108704000000
MSFT,Assets,2011-09-30,107415000000
MSFT,Assets,2012-03-31,118010000000
MSFT,Assets,2012-06-30,121271000000
MSFT,Assets,2012-06-30,121271000000
MSFT,Assets,2012-06-30,121271000000
MSFT,Assets,2012-06-30,121271000000
MSFT,Assets,2012-06-30,121271000000
MSFT,Assets,2012-09-30,121876000000
MSFT,Assets,2012-12-31,128683000000
MSFT,Assets,2013-03-31,134105000000
MSFT,Assets,2013-06-30,142431000000
MSFT,Assets,2013-06-30,142431000000
MSFT,Assets,2013-06-30,142431000000
MSFT,Assets,2013-06-30,142431000000
MSFT,Assets,2013-06-30,142431000000
MSFT,Assets,2013-09-30,142348000000
MSFT,Assets,2013-12-31,153543000000
MSFT,Assets,2014-03-31,156119000000
MSFT,Assets,2014-06-30,172384000000
MSFT,Assets,2014-06-30,172384000000
MSFT,Assets,2014-06-30,172384000000
MSFT,Assets,2014-06-30,172384000000
MSFT,Assets,2014-06-30,172384000000
MSFT,Assets,2014-09-30,169656000000
MSFT,Assets,2014-12-31,174848000000
MSFT,Assets,2015-03-31,176683000000
MSFT,Assets,2015-06-30,176223000000
MSFT,Assets,2015-06-30,176223000000
MSFT,Assets,2015-06-30,176223000000
MSFT,Assets,2015-06-30,176223000000
MSFT,Assets,2015-06-30,174472000000
MSFT,Assets,2015-09-30,172896000000
MSFT,Assets,2015-12-31,180098000000
MSFT,Assets,2016-03-31,181869000000
MSFT,Assets,2016-06-30,193694000000
MSFT,Assets,2016-06-30,193468000000
MSFT,Assets,2016-06-30,193468000000
MSFT,Assets,2016-06-30,193468000000
MSFT,Assets,2016-06-30,193468000000
MSFT,Assets,2016-09-30,212524000000
MSFT,Assets,2016-12-31,224610000000
MSFT,Assets,2017-03-31,225017000000
MSFT,Assets,2017-06-30,241086000000
MSFT,Assets,2017-06-30,250312000000
MSFT,Assets,2017-06-30,250312000000
MSFT,Assets,2017-06-30,250312000000
MSFT,Assets,2017-06-30,250312000000
MSFT,Assets,2017-09-30,249097000000
MSFT,Assets,2017-12-31,256003000000
MSFT,Assets,2018-03-31,245497000000
MSFT,Assets,2018-06-30,258848000000
MSFT,Assets,2018-06-30,258848000000
MSFT,Assets,2018-06-30,258848000000
MSFT,Assets,2018-06-30,258848000000
MSFT,Assets,2018-06-30,258848000000
MSFT,Assets,2018-09-30,257619000000
MSFT,Assets,2018-12-31,258859000000
MSFT,Assets,2019-03-31,263281000000
MSFT,Assets,2019-06-30,286556000000
MSFT,Assets,2019-06-30,286556000000
MSFT,Assets,2019-06-30,286556000000
MSFT,Assets,2019-06-30,286556000000
MSFT,Assets,2019-06-30,286556000000
MSFT,Assets,2019-09-30,278955000000
MSFT,Assets,2019-12-31,282794000000
MSFT,Assets,2020-03-31,285449000000
MSFT,Assets,2020-06-30,301311000000
MSFT,Assets,2020-06-30,301311000000
MSFT,Assets,2020-06-30,301311000000
MSFT,Assets,2020-06-30,301311000000
MSFT,Assets,2020-06-30,301311000000
MSFT,Assets,2020-09-30,301001000000
MSFT,Assets,2020-12-31,304137000000
MSFT,Assets,2021-03-31,308879000000
MSFT,Assets,2021-06-30,333779000000
MSFT,Assets,2021-06-30,333779000000
MSFT,Assets,2021-06-30,333779000000
MSFT,Assets,2021-06-30,333779000000
MSFT,Assets,2021-06-30,333779000000
MSFT,Assets,2021-09-30,335418000000
MSFT,Assets,2021-12-31,340389000000
MSFT,Assets,2022-03-31,344607000000
MSFT,Assets,2022-06-30,364840000000
MSFT,Assets,2022-06-30,364840000000
MSFT,Assets,2022-06-30,364840000000
MSFT,Assets,2022-06-30,364840000000
MSFT,Assets,2022-06-30,364840000000
MSFT,Assets,2022-09-30,359784000000
MSFT,Assets,2022-12-31,364552000000
MSFT,Assets,2023-03-31,380088000000
MSFT,Assets,2023-06-30,411976000000
MSFT,Assets,2023-06-30,411976000000
MSFT,Assets,2023-06-30,411976000000
MSFT,Assets,2023-06-30,411976000000
MSFT,Assets,2023-06-30,411976000000
MSFT,Assets,2023-09-30,445785000000
MSFT,Assets,2023-12-31,470558000000
MSFT,Assets,2024-03-31,484275000000
MSFT,Assets,2024-06-30,512163000000
MSFT,Assets,2024-06-30,512163000000
MSFT,Assets,2024-09-30,523013000000
MSFT,Liabilities,2010-06-30,39938000000
MSFT,Liabilities,2010-06-30,39938000000
MSFT,Liabilities,2010-06-30,39938000000
MSFT,Liabilities,2010-06-30,39938000000
MSFT,Liabilities,2010-09-30,44598000000
MSFT,Liabilities,2010-12-31,43825000000
MSFT,Liabilities,2011-03-31,46275000000
MSFT,Liabilities,2011-06-30,51621000000
MSFT,Liabilities,2011-06-30,51621000000
MSFT,Liabilities,2011-06-30,51621000000
MSFT,Liabilities,2011-06-30,51621000000
MSFT,Liabilities,2011-09-30,48024000000
MSFT,Liabilities,2012-03-31,49351000000
MSFT,Liabilities,2012-06-30,54908000000
MSFT,Liabilities,2012-06-30,54908000000
MSFT,Liabilities,2012-06-30,54908000000
MSFT,Liabilities,2012-06-30,54908000000
MSFT,Liabilities,2012-06-30,54908000000
MSFT,Liabilities,2012-09-30,53040000000
MSFT,Liabilities,2012-12-31,56107000000
MSFT,Liabilities,2013-03-31,57417000000
MSFT,Liabilities,2013-06-30,63487000000
MSFT,Liabilities,2013-06-30,63487000000
MSFT,Liabilities,2013-06-30,63487000000
MSFT,Liabilities,2013-06-30,63487000000
MSFT,Liabilities,2013-06-30,63487000000
MSFT,Liabilities,2013-09-30,60707000000
MSFT,Liabilities,2013-12-31,68443000000
MSFT,Liabilities,2014-03-31,68695000000
MSFT,Liabilities,2014-06-30,82600000000
MSFT,Liabilities,2014-06-30,82600000000
MSFT,Liabilities,2014-06-30,82600000000
MSFT,Liabilities,2014-06-30,82600000000
MSFT,Liabilities,2014-06-30,82600000000
MSFT,Liabilities,2014-09-30,79486000000
MSFT,Liabilities,2014-12-31,82969000000
MSFT,Liabilities,2015-03-31,86551000000
MSFT,Liabilities,2015-06-30,96140000000
MSFT,Liabilities,2015-06-30,96140000000
MSFT,Liabilities,2015-06-30,96140000000
MSFT,Liabilities,2015-06-30,96140000000
MSFT,Liabilities,2015-06-30,94389000000
MSFT,Liabilities,2015-09-30,95451000000
MSFT,Liabilities,2015-12-31,103318000000
MSFT,Liabilities,2016-03-31,107063000000
MSFT,Liabilities,2016-06-30,121697000000
MSFT,Liabilities,2016-06-30,121471000000
MSFT,Liabilities,2016-06-30,121471000000
MSFT,Liabilities,2016-06-30,121471000000
MSFT,Liabilities,2016-06-30,121471000000
MSFT,Liabilities,2016-09-30,142152000000
MSFT,Liabilities,2016-12-31,155801000000
MSFT,Liabilities,2017-03-31,155288000000
MSFT,Liabilities,2017-06-30,168692000000
MSFT,Liabilities,2017-06-30,162601000000
MSFT,Liabilities,2017-06-30,162601000000
MSFT,Liabilities,2017-06-30,162601000000
MSFT,Liabilities,2017-06-30,162601000000
MSFT,Liabilities,2017-09-30,159450000000
MSFT,Liabilities,2017-12-31,177643000000
MSFT,Liabilities,2018-03-31,166258000000
MSFT,Liabilities,2018-06-30,176130000000
MSFT,Liabilities,2018-06-30,176130000000
MSFT,Liabilities,2018-06-30,176130000000
MSFT,Liabilities,2018-06-30,176130000000
MSFT,Liabilities,2018-06-30,176130000000
MSFT,Liabilities,2018-09-30,171652000000
MSFT,Liabilities,2018-12-31,166731000000
MSFT,Liabilities,2019-03-31,168417000000
MSFT,Liabilities,2019-06-30,184226000000
MSFT,Liabilities,2019-06-30,184226000000
MSFT,Liabilities,2019-06-30,184226000000
MSFT,Liabilities,2019-06-30,184226000000
MSFT,Liabilities,2019-06-30,184226000000
MSFT,Liabilities,2019-09-30,172894000000
MSFT,Liabilities,2019-12-31,172685000000
MSFT,Liabilities,2020-03-31,170948000000
MSFT,Liabilities,2020-06-30,183007000000
MSFT,Liabilities,2020-06-30,183007000000
MSFT,Liabilities,2020-06-30,183007000000
MSFT,Liabilities,2020-06-30,183007000000
MSFT,Liabilities,2020-06-30,183007000000
MSFT,Liabilities,2020-09-30,177609000000
MSFT,Liabilities,2020-12-31,173901000000
MSFT,Liabilities,2021-03-31,174374000000
MSFT,Liabilities,2021-06-30,191791000000
MSFT,Liabilities,2021-06-30,191791000000
MSFT,Liabilities,2021-06-30,191791000000
MSFT,Liabilities,2021-06-30,191791000000
MSFT,Liabilities,2021-06-30,191791000000
MSFT,Liabilities,2021-09-30,183440000000
MSFT,Liabilities,2021-12-31,180379000000
MSFT,Liabilities,2022-03-31,181683000000
MSFT,Liabilities,2022-06-30,198298000000
MSFT,Liabilities,2022-06-30,198298000000
MSFT,Liabilities,2022-06-30,198298000000
MSFT,Liabilities,2022-06-30,198298000000
MSFT,Liabilities,2022-06-30,198298000000
MSFT,Liabilities,2022-09-30,186218000000
MSFT,Liabilities,2022-12-31,181416000000
MSFT,Liabilities,2023-03-31,185405000000
MSFT,Liabilities,2023-06-30,205753000000
MSFT,Liabilities,2023-06-30,205753000000
MSFT,Liabilities,2023-06-30,205753000000
MSFT,Liabilities,2023-06-30,205753000000
MSFT,Liabilities,2023-06-30,205753000000
MSFT,Liabilities,2023-09-30,225071000000
MSFT,Liabilities,2023-12-31,232290000000
MSFT,Liabilities,2024-03-31,231123000000
MSFT,Liabilities,2024-06-30,243686000000
MSFT,Liabilities,2024-06-30,243686000000
MSFT,Liabilities,2024-09-30,235290000000
MSFT,Revenues,2007-09-30,13762000000
MSFT,Revenues,2007-12-31,16367000000
MSFT,Revenues,2008-03-31,14454000000
MSFT,Revenues,2008-06-30,60420000000
MSFT,Revenues,2008-06-30,15837000000
MSFT,Revenues,2008-09-30,15061000000
MSFT,Revenues,2008-09-30,15061000000
MSFT,Revenues,2008-12-31,31690000000
MSFT,Revenues,2008-12-31,16629000000
MSFT,Revenues,2008-12-31,16629000000
MSFT,Revenues,2009-03-31,45338000000
MSFT,Revenues,2009-03-31,13648000000
MSFT,Revenues,2009-03-31,13648000000
MSFT,Revenues,2009-06-30,58437000000
MSFT,Revenues,2009-06-30,13099000000
MSFT,Revenues,2009-09-30,12920000000
MSFT,Revenues,2009-09-30,12920000000
MSFT,Revenues,2009-09-30,12920000000
MSFT,Revenues,2009-12-31,31942000000
MSFT,Revenues,2009-12-31,31942000000
MSFT,Revenues,2009-12-31,19022000000
MSFT,Revenues,2009-12-31,19022000000
MSFT,Revenues,2009-12-31,19022000000
MSFT,Revenues,2010-03-31,46445000000
MSFT,Revenues,2010-03-31,14503000000
MSFT,Revenues,2010-03-31,14503000000
MSFT,Revenues,2010-06-30,62484000000
MSFT,Revenues,2010-06-30,16039000000
MSFT,Revenues,2010-09-30,16195000000
MSFT,Revenues,2010-12-31,36148000000
MSFT,Revenues,2010-12-31,19953000000
MSFT,NetIncomeLoss,2007-09-30,4289000000
MSFT,NetIncomeLoss,2007-12-31,4707000000
MSFT,NetIncomeLoss,2008-03-31,4388000000
MSFT,NetIncomeLoss,2008-06-30,17681000000
MSFT,NetIncomeLoss,2008-06-30,4297000000
MSFT,NetIncomeLoss,2008-09-30,4373000000
MSFT,NetIncomeLoss,2008-09-30,4373000000
MSFT,NetIncomeLoss,2008-12-31,8547000000
MSFT,NetIncomeLoss,2008-12-31,4174000000
MSFT,NetIncomeLoss,2008-12-31,4174000000
MSFT,NetIncomeLoss,2009-03-31,11524000000
MSFT,NetIncomeLoss,2009-03-31,2977000000
MSFT,NetIncomeLoss,2009-03-31,2977000000
MSFT,NetIncomeLoss,2009-06-30,14569000000
MSFT,NetIncomeLoss,2009-06-30,14569000000
MSFT,NetIncomeLoss,2009-06-30,3045000000
MSFT,NetIncomeLoss,2009-09-30,3574000000
MSFT,NetIncomeLoss,2009-09-30,3574000000
MSFT,NetIncomeLoss,2009-09-30,3574000000
MSFT,NetIncomeLoss,2009-09-30,3574000000
MSFT,NetIncomeLoss,2009-12-31,10236000000
MSFT,NetIncomeLoss,2009-12-31,10236000000
MSFT,NetIncomeLoss,2009-12-31,6662000000
MSFT,NetIncomeLoss,2009-12-31,6662000000
MSFT,NetIncomeLoss,2009-12-31,6662000000
MSFT,NetIncomeLoss,2009-12-31,6662000000
MSFT,NetIncomeLoss,2010-03-31,14242000000
MSFT,NetIncomeLoss,2010-03-31,14242000000
MSFT,NetIncomeLoss,2010-03-31,4006000000
MSFT,NetIncomeLoss,2010-03-31,4006000000
MSFT,NetIncomeLoss,2010-03-31,4006000000
MSFT,NetIncomeLoss,2010-03-31,4006000000
MSFT,NetIncomeLoss,2010-06-30,18760000000
MSFT,NetIncomeLoss,2010-06-30,18760000000
MSFT,NetIncomeLoss,2010-06-30,18760000000
MSFT,NetIncomeLoss,2010-06-30,4518000000
MSFT,NetIncomeLoss,2010-06-30,4518000000
MSFT,NetIncomeLoss,2010-09-30,5410000000
MSFT,NetIncomeLoss,2010-09-30,5410000000
MSFT,NetIncomeLoss,2010-09-30,5410000000
MSFT,NetIncomeLoss,2010-09-30,5410000000
MSFT,NetIncomeLoss,2010-12-31,12044000000
MSFT,NetIncomeLoss,2010-12-31,6634000000
MSFT,NetIncomeLoss,2010-12-31,6634000000
MSFT,NetIncomeLoss,2010-12-31,6634000000
MSFT,NetIncomeLoss,2011-03-31,17276000000
MSFT,NetIncomeLoss,2011-03-31,17276000000
MSFT,NetIncomeLoss,2011-03-31,5232000000
MSFT,NetIncomeLoss,2011-03-31,5232000000
MSFT,NetIncomeLoss,2011-03-31,5232000000
MSFT,NetIncomeLoss,2011-03-31,5232000000
MSFT,NetIncomeLoss,2011-06-30,23150000000
MSFT,NetIncomeLoss,2011-06-30,23150000000
MSFT,NetIncomeLoss,2011-06-30,23150000000
MSFT,NetIncomeLoss,2011-06-30,5874000000
MSFT,NetIncomeLoss,2011-06-30,5874000000
MSFT,NetIncomeLoss,2011-09-30,5738000000
MSFT,NetIncomeLoss,2011-09-30,5738000000
MSFT,NetIncomeLoss,2011-09-30,5738000000
MSFT,NetIncomeLoss,2011-09-30,5738000000
MSFT,NetIncomeLoss,2011-12-31,12362000000
MSFT,NetIncomeLoss,2011-12-31,6624000000
MSFT,NetIncomeLoss,2011-12-31,6624000000
MSFT,NetIncomeLoss,2011-12-31,6624000000
MSFT,NetIncomeLoss,2012-03-31,17470000000
MSFT,NetIncomeLoss,2012-03-31,17470000000
MSFT,NetIncomeLoss,2012-03-31,5108000000
MSFT,NetIncomeLoss,2012-03-31,5108000000
MSFT,NetIncomeLoss,2012-03-31,5108000000
MSFT,NetIncomeLoss,2012-03-31,5108000000
MSFT,NetIncomeLoss,2012-06-30,16978000000
MSFT,NetIncomeLoss,2012-06-30,16978000000
MSFT,NetIncomeLoss,2012-06-30,16978000000
MSFT,NetIncomeLoss,2012-06-30,-492000000
MSFT,NetIncomeLoss,2012-06-30,-492000000
MSFT,NetIncomeLoss,2012-09-30,4466000000
MSFT,NetIncomeLoss,2012-09-30,4466000000
MSFT,NetIncomeLoss,2012-09-30,4466000000
MSFT,NetIncomeLoss,2012-09-30,4466000000
MSFT,NetIncomeLoss,2012-12-31,10843000000
MSFT,NetIncomeLoss,2012-12-31,10843000000
MSFT,NetIncomeLoss,2012-12-31,6377000000
MSFT,NetIncomeLoss,2012-12-31,6377000000
MSFT,NetIncomeLoss,2012-12-31,6377000000
MSFT,NetIncomeLoss,2012-12-31,6377000000
MSFT,NetIncomeLoss,2013-03-31,16898000000
MSFT,NetIncomeLoss,2013-03-31,16898000000
MSFT,NetIncomeLoss,2013-03-31,6055000000
MSFT,NetIncomeLoss,2013-03-31,6055000000
MSFT,NetIncomeLoss,2013-03-31,6055000000
MSFT,NetIncomeLoss,2013-03-31,6055000000
MSFT,NetIncomeLoss,2013-06-30,21863000000
MSFT,NetIncomeLoss,2013-06-30,21863000000
MSFT,NetIncomeLoss,2013-06-30,21863000000
MSFT,NetIncomeLoss,2013-06-30,4965000000
MSFT,NetIncomeLoss,2013-06-30,4965000000
MSFT,NetIncomeLoss,2013-09-30,5244000000
MSFT,NetIncomeLoss,2013-09-30,5244000000
MSFT,NetIncomeLoss,2013-09-30,5244000000
MSFT,NetIncomeLoss,2013-09-30,5244000000
MSFT,NetIncomeLoss,2013-12-31,11802000000
MSFT,NetIncomeLoss,2013-12-31,11802000000
MSFT,NetIncomeLoss,2013-12-31,6558000000
MSFT,NetIncomeLoss,2013-12-31,6558000000
MSFT,NetIncomeLoss,2013-12-31,6558000000
MSFT,NetIncomeLoss,2013-12-31,6558000000
MSFT,NetIncomeLoss,2014-03-31,17462000000
MSFT,NetIncomeLoss,2014-03-31,17462000000
MSFT,NetIncomeLoss,2014-03-31,5660000000
MSFT,NetIncomeLoss,2014-03-31,5660000000
MSFT,NetIncomeLoss,2014-03-31,5660000000
MSFT,NetIncomeLoss,2014-03-31,5660000000
MSFT,NetIncomeLoss,2014-06-30,22074000000
MSFT,NetIncomeLoss,2014-06-30,22074000000
MSFT,NetIncomeLoss,2014-06-30,22074000000
MSFT,NetIncomeLoss,2014-06-30,4612000000
MSFT,NetIncomeLoss,2014-06-30,4612000000
MSFT,NetIncomeLoss,2014-09-30,4540000000
MSFT,NetIncomeLoss,2014-09-30,4540000000
MSFT,NetIncomeLoss,2014-09-30,4540000000
MSFT,NetIncomeLoss,2014-09-30,4540000000
MSFT,NetIncomeLoss,2014-12-31,10403000000
MSFT,NetIncomeLoss,2014-12-31,10403000000
MSFT,NetIncomeLoss,2014-12-31,5863000000
MSFT,NetIncomeLoss,2014-12-31,5863000000
MSFT,NetIncomeLoss,2014-12-31,5863000000
MSFT,NetIncomeLoss,2014-12-31,5863000000
MSFT,NetIncomeLoss,2015-03-31,15388000000
MSFT,NetIncomeLoss,2015-03-31,15388000000
MSFT,NetIncomeLoss,2015-03-31,4985000000
MSFT,NetIncomeLoss,2015-03-31,4985000000
MSFT,NetIncomeLoss,2015-03-31,4985000000
MSFT,NetIncomeLoss,2015-03-31,4985000000
MSFT,NetIncomeLoss,2015-06-30,12193000000
MSFT,NetIncomeLoss,2015-06-30,12193000000
MSFT,NetIncomeLoss,2015-06-30,12193000000
MSFT,NetIncomeLoss,2015-06-30,-3195000000
MSFT,NetIncomeLoss,2015-06-30,-3195000000
MSFT,NetIncomeLoss,2015-09-30,4620000000
MSFT,NetIncomeLoss,2015-09-30,4902000000
MSFT,NetIncomeLoss,2015-09-30,4902000000
MSFT,NetIncomeLoss,2015-09-30,4902000000
MSFT,NetIncomeLoss,2015-09-30,4902000000
MSFT,NetIncomeLoss,2015-12-31,9618000000
MSFT,NetIncomeLoss,2015-12-31,9920000000
MSFT,NetIncomeLoss,2015-12-31,4998000000
MSFT,NetIncomeLoss,2015-12-31,5018000000
MSFT,NetIncomeLoss,2015-12-31,5018000000
MSFT,NetIncomeLoss,2015-12-31,5018000000
MSFT,NetIncomeLoss,2015-12-31,5018000000
MSFT,NetIncomeLoss,2016-03-31,13676000000
MSFT,NetIncomeLoss,2016-03-31,13676000000
MSFT,NetIncomeLoss,2016-03-31,3756000000
MSFT,NetIncomeLoss,2016-03-31,3756000000
MSFT,NetIncomeLoss,2016-03-31,3756000000
MSFT,NetIncomeLoss,2016-03-31,3756000000
MSFT,NetIncomeLoss,2016-06-30,16798000000
MSFT,NetIncomeLoss,2016-06-30,16798000000
MSFT,NetIncomeLoss,2016-06-30,20539000000
MSFT,NetIncomeLoss,2016-06-30,3122000000
MSFT,NetIncomeLoss,2016-06-30,3122000000
MSFT,NetIncomeLoss,2016-09-30,4690000000
MSFT,NetIncomeLoss,2016-09-30,4690000000
MSFT,NetIncomeLoss,2016-09-30,5667000000
MSFT,NetIncomeLoss,2016-09-30,5667000000
MSFT,NetIncomeLoss,2016-12-31,9890000000
MSFT,NetIncomeLoss,2016-12-31,11934000000
MSFT,NetIncomeLoss,2016-12-31,5200000000
MSFT,NetIncomeLoss,2016-12-31,5200000000
MSFT,NetIncomeLoss,2016-12-31,6267000000
MSFT,NetIncomeLoss,2016-12-31,6267000000
MSFT,NetIncomeLoss,2017-03-31,14691000000
MSFT,NetIncomeLoss,2017-03-31,17420000000
MSFT,NetIncomeLoss,2017-03-31,4801000000
MSFT,NetIncomeLoss,2017-03-31,4801000000
MSFT,NetIncomeLoss,2017-03-31,5486000000
MSFT,NetIncomeLoss,2017-03-31,5486000000
MSFT,NetIncomeLoss,2017-06-30,21204000000
MSFT,NetIncomeLoss,2017-06-30,25489000000
MSFT,NetIncomeLoss,2017-06-30,25489000000
MSFT,NetIncomeLoss,2017-06-30,6513000000
MSFT,NetIncomeLoss,2017-06-30,8069000000
MSFT,NetIncomeLoss,2017-09-30,6576000000
MSFT,NetIncomeLoss,2017-09-30,6576000000
MSFT,NetIncomeLoss,2017-09-30,6576000000
MSFT,NetIncomeLoss,2017-09-30,6576000000
MSFT,NetIncomeLoss,2017-12-31,274000000
MSFT,NetIncomeLoss,2017-12-31,274000000
MSFT,NetIncomeLoss,2017-12-31,-6302000000
MSFT,NetIncomeLoss,2017-12-31,-6302000000
MSFT,NetIncomeLoss,2017-12-31,-6302000000
MSFT,NetIncomeLoss,2017-12-31,-6302000000
MSFT,NetIncomeLoss,2018-03-31,7698000000
MSFT,NetIncomeLoss,2018-03-31,7698000000
MSFT,NetIncomeLoss,2018-03-31,7424000000
MSFT,NetIncomeLoss,2018-03-31,7424000000
MSFT,NetIncomeLoss,2018-03-31,7424000000
MSFT,NetIncomeLoss,2018-03-31,7424000000
MSFT,NetIncomeLoss,2018-06-30,16571000000
MSFT,NetIncomeLoss,2018-06-30,16571000000
MSFT,NetIncomeLoss,2018-06-30,16571000000
MSFT,NetIncomeLoss,2018-06-30,8873000000
MSFT,NetIncomeLoss,2018-06-30,8873000000
MSFT,NetIncomeLoss,2018-09-30,8824000000
MSFT,NetIncomeLoss,2018-09-30,8824000000
MSFT,NetIncomeLoss,2018-09-30,8824000000
MSFT,NetIncomeLoss,2018-09-30,8824000000
MSFT,NetIncomeLoss,2018-12-31,17244000000
MSFT,NetIncomeLoss,2018-12-31,17244000000
MSFT,NetIncomeLoss,2018-12-31,8420000000
MSFT,NetIncomeLoss,2018-12-31,8420000000
MSFT,NetIncomeLoss,2018-12-31,8420000000
MSFT,NetIncomeLoss,2018-12-31,8420000000
MSFT,NetIncomeLoss,2019-03-31,26053000000
MSFT,NetIncomeLoss,2019-03-31,26053000000
MSFT,NetIncomeLoss,2019-03-31,8809000000
MSFT,NetIncomeLoss,2019-03-31,8809000000
MSFT,NetIncomeLoss,2019-03-31,8809000000
MSFT,NetIncomeLoss,2019-03-31,8809000000
MSFT,NetIncomeLoss,2019-06-30,39240000000
MSFT,NetIncomeLoss,2019-06-30,39240000000
MSFT,NetIncomeLoss,2019-06-30,39240000000
MSFT,NetIncomeLoss,2019-06-30,13187000000
MSFT,NetIncomeLoss,2019-06-30,13187000000
MSFT,NetIncomeLoss,2019-09-30,10678000000
MSFT,NetIncomeLoss,2019-09-30,10678000000
MSFT,NetIncomeLoss,2019-09-30,10678000000
MSFT,NetIncomeLoss,2019-12-31,22327000000
MSFT,NetIncomeLoss,2019-12-31,22327000000
MSFT,NetIncomeLoss,2019-12-31,11649000000
MSFT,NetIncomeLoss,2019-12-31,11649000000
MSFT,NetIncomeLoss,2019-12-31,11649000000
MSFT,NetIncomeLoss,2020-03-31,33079000000
MSFT,NetIncomeLoss,2020-03-31,33079000000
MSFT,NetIncomeLoss,2020-03-31,10752000000
MSFT,NetIncomeLoss,2020-03-31,10752000000
MSFT,NetIncomeLoss,2020-03-31,10752000000
MSFT,NetIncomeLoss,2020-06-30,44281000000
MSFT,NetIncomeLoss,2020-06-30,44281000000
MSFT,NetIncomeLoss,2020-06-30,44281000000
MSFT,NetIncomeLoss,2020-06-30,11202000000
MSFT,NetIncomeLoss,2020-09-30,13893000000
MSFT,NetIncomeLoss,2020-09-30,13893000000
MSFT,NetIncomeLoss,2020-12-31,29356000000
MSFT,NetIncomeLoss,2020-12-31,29356000000
MSFT,NetIncomeLoss,2020-12-31,15463000000
MSFT,NetIncomeLoss,2020-12-31,15463000000
MSFT,NetIncomeLoss,2021-03-31,44813000000
MSFT,NetIncomeLoss,2021-03-31,44813000000
MSFT,NetIncomeLoss,2021-03-31,15457000000
MSFT,NetIncomeLoss,2021-03-31,15457000000
MSFT,NetIncomeLoss,2021-06-30,61271000000
MSFT,NetIncomeLoss,2021-06-30,61271000000
MSFT,NetIncomeLoss,2021-06-30,61271000000
MSFT,NetIncomeLoss,2021-09-30,20505000000
MSFT,NetIncomeLoss,2021-09-30,20505000000
MSFT,NetIncomeLoss,2021-12-31,39270000000
MSFT,NetIncomeLoss,2021-12-31,39270000000
MSFT,NetIncomeLoss,2021-12-31,18765000000
MSFT,NetIncomeLoss,2021-12-31,18765000000
MSFT,NetIncomeLoss,2022-03-31,55998000000
MSFT,NetIncomeLoss,2022-03-31,55998000000
MSFT,NetIncomeLoss,2022-03-31,16728000000
MSFT,NetIncomeLoss,2022-03-31,16728000000
MSFT,NetIncomeLoss,2022-06-30,72738000000
MSFT,NetIncomeLoss,2022-06-30,72738000000
MSFT,NetIncomeLoss,2022-06-30,72738000000
MSFT,NetIncomeLoss,2022-09-30,17556000000
MSFT,NetIncomeLoss,2022-09-30,17556000000
MSFT,NetIncomeLoss,2022-12-31,33981000000
MSFT,NetIncomeLoss,2022-12-31,33981000000
MSFT,NetIncomeLoss,2022-12-31,16425000000
MSFT,NetIncomeLoss,2022-12-31,16425000000
MSFT,NetIncomeLoss,2023-03-31,52280000000
MSFT,NetIncomeLoss,2023-03-31,52280000000
MSFT,NetIncomeLoss,2023-03-31,18299000000
MSFT,NetIncomeLoss,2023-03-31,18299000000
MSFT,NetIncomeLoss,2023-06-30,72361000000
MSFT,NetIncomeLoss,2023-06-30,72361000000
MSFT,NetIncomeLoss,2023-09-30,22291000000
MSFT,NetIncomeLoss,2023-09-30,22291000000
MSFT,NetIncomeLoss,2023-12-31,44161000000
MSFT,NetIncomeLoss,2023-12-31,21870000000
MSFT,NetIncomeLoss,2024-03-31,66100000000
MSFT,NetIncomeLoss,2024-03-31,21939000000
MSFT,NetIncomeLoss,2024-06-30,88136000000
MSFT,NetIncomeLoss,2024-09-30,24667000000
MSFT,GrossProfit,2007-09-30,11087000000
MSFT,GrossProfit,2007-12-31,12824000000
MSFT,GrossProfit,2008-03-31,11940000000
MSFT,GrossProfit,2008-06-30,48822000000
MSFT,GrossProfit,2008-06-30,12971000000
MSFT,GrossProfit,2008-09-30,12213000000
MSFT,GrossProfit,2008-12-31,12722000000
MSFT,GrossProfit,2009-03-31,10834000000
MSFT,GrossProfit,2009-06-30,46282000000
MSFT,GrossProfit,2009-06-30,10513000000
MSFT,GrossProfit,2009-09-30,10078000000
MSFT,GrossProfit,2009-09-30,10078000000
MSFT,GrossProfit,2009-12-31,15394000000
MSFT,GrossProfit,2009-12-31,15394000000
MSFT,GrossProfit,2010-03-31,11748000000
MSFT,GrossProfit,2010-03-31,11748000000
MSFT,GrossProfit,2010-06-30,50089000000
MSFT,GrossProfit,2010-06-30,50089000000
MSFT,GrossProfit,2010-06-30,12869000000
MSFT,GrossProfit,2010-06-30,12869000000
MSFT,GrossProfit,2010-09-30,13056000000
MSFT,GrossProfit,2010-09-30,13056000000
MSFT,GrossProfit,2010-12-31,15120000000
MSFT,GrossProfit,2010-12-31,15120000000
MSFT,GrossProfit,2011-03-31,12531000000
MSFT,GrossProfit,2011-03-31,12531000000
MSFT,GrossProfit,2011-06-30,54366000000
MSFT,GrossProfit,2011-06-30,54366000000
MSFT,GrossProfit,2011-06-30,54366000000
MSFT,GrossProfit,2011-06-30,13659000000
MSFT,GrossProfit,2011-06-30,13659000000
MSFT,GrossProfit,2011-09-30,13595000000
MSFT,GrossProfit,2011-09-30,13595000000
MSFT,GrossProfit,2011-09-30,13595000000
MSFT,GrossProfit,2011-12-31,28842000000
MSFT,GrossProfit,2011-12-31,15247000000
MSFT,GrossProfit,2011-12-31,15247000000
MSFT,GrossProfit,2011-12-31,15247000000
MSFT,GrossProfit,2012-03-31,42297000000
MSFT,GrossProfit,2012-03-31,13455000000
MSFT,GrossProfit,2012-03-31,13455000000
MSFT,GrossProfit,2012-03-31,13455000000
MSFT,GrossProfit,2012-06-30,56193000000
MSFT,GrossProfit,2012-06-30,56193000000
MSFT,GrossProfit,2012-06-30,56193000000
MSFT,GrossProfit,2012-06-30,13896000000
MSFT,GrossProfit,2012-06-30,13896000000
MSFT,GrossProfit,2012-09-30,11840000000
MSFT,GrossProfit,2012-09-30,11840000000
MSFT,GrossProfit,2012-09-30,11840000000
MSFT,GrossProfit,2012-09-30,11840000000
MSFT,GrossProfit,2012-12-31,27604000000
MSFT,GrossProfit,2012-12-31,27604000000
MSFT,GrossProfit,2012-12-31,15764000000
MSFT,GrossProfit,2012-12-31,15764000000
MSFT,GrossProfit,2012-12-31,15764000000
MSFT,GrossProfit,2012-12-31,15764000000
MSFT,GrossProfit,2013-03-31,43306000000
MSFT,GrossProfit,2013-03-31,43306000000
MSFT,GrossProfit,2013-03-31,15702000000
MSFT,GrossProfit,2013-03-31,15702000000
MSFT,GrossProfit,2013-03-31,15702000000
MSFT,GrossProfit,2013-03-31,15702000000
MSFT,GrossProfit,2013-06-30,57600000000
MSFT,GrossProfit,2013-06-30,57600000000
MSFT,GrossProfit,2013-06-30,57464000000
MSFT,GrossProfit,2013-06-30,14294000000
MSFT,GrossProfit,2013-06-30,14294000000
MSFT,GrossProfit,2013-09-30,13415000000
MSFT,GrossProfit,2013-09-30,13415000000
MSFT,GrossProfit,2013-09-30,13384000000
MSFT,GrossProfit,2013-09-30,13384000000
MSFT,GrossProfit,2013-12-31,29650000000
MSFT,GrossProfit,2013-12-31,29581000000
MSFT,GrossProfit,2013-12-31,16235000000
MSFT,GrossProfit,2013-12-31,16235000000
MSFT,GrossProfit,2013-12-31,16197000000
MSFT,GrossProfit,2013-12-31,16197000000
MSFT,GrossProfit,2014-03-31,44112000000
MSFT,GrossProfit,2014-03-31,44006000000
MSFT,GrossProfit,2014-03-31,14462000000
MSFT,GrossProfit,2014-03-31,14462000000
MSFT,GrossProfit,2014-03-31,14425000000
MSFT,GrossProfit,2014-03-31,14425000000
MSFT,GrossProfit,2014-06-30,59899000000
MSFT,GrossProfit,2014-06-30,59755000000
MSFT,GrossProfit,2014-06-30,59755000000
MSFT,GrossProfit,2014-06-30,15787000000
MSFT,GrossProfit,2014-06-30,15749000000
MSFT,GrossProfit,2014-09-30,14928000000
MSFT,GrossProfit,2014-09-30,14928000000
MSFT,GrossProfit,2014-09-30,14928000000
MSFT,GrossProfit,2014-09-30,14928000000
MSFT,GrossProfit,2014-12-31,31262000000
MSFT,GrossProfit,2014-12-31,31262000000
MSFT,GrossProfit,2014-12-31,16334000000
MSFT,GrossProfit,2014-12-31,16334000000
MSFT,GrossProfit,2014-12-31,16334000000
MSFT,GrossProfit,2014-12-31,16334000000
MSFT,GrossProfit,2015-03-31,45830000000
MSFT,GrossProfit,2015-03-31,45830000000
MSFT,GrossProfit,2015-03-31,14568000000
MSFT,GrossProfit,2015-03-31,14568000000
MSFT,GrossProfit,2015-03-31,14568000000
MSFT,GrossProfit,2015-03-31,14568000000
MSFT,GrossProfit,2015-06-30,60542000000
MSFT,GrossProfit,2015-06-30,60542000000
MSFT,GrossProfit,2015-06-30,60542000000
MSFT,GrossProfit,2015-06-30,14712000000
MSFT,GrossProfit,2015-06-30,14712000000
MSFT,GrossProfit,2015-09-30,13172000000
MSFT,GrossProfit,2015-09-30,13172000000
MSFT,GrossProfit,2015-09-30,13172000000
MSFT,GrossProfit,2015-09-30,13172000000
MSFT,GrossProfit,2015-12-31,27096000000
MSFT,GrossProfit,2015-12-31,27096000000
MSFT,GrossProfit,2015-12-31,13924000000
MSFT,GrossProfit,2015-12-31,13924000000
MSFT,GrossProfit,2015-12-31,13924000000
MSFT,GrossProfit,2015-12-31,13924000000
MSFT,GrossProfit,2016-03-31,39905000000
MSFT,GrossProfit,2016-03-31,39905000000
MSFT,GrossProfit,2016-03-31,12809000000
MSFT,GrossProfit,2016-03-31,12809000000
MSFT,GrossProfit,2016-03-31,12809000000
MSFT,GrossProfit,2016-03-31,12809000000
MSFT,GrossProfit,2016-06-30,52540000000
MSFT,GrossProfit,2016-06-30,52540000000
MSFT,GrossProfit,2016-06-30,58374000000
MSFT,GrossProfit,2016-06-30,12635000000
MSFT,GrossProfit,2016-06-30,12635000000
MSFT,GrossProfit,2016-09-30,12609000000
MSFT,GrossProfit,2016-09-30,12609000000
MSFT,GrossProfit,2016-09-30,14084000000
MSFT,GrossProfit,2016-09-30,14084000000
MSFT,GrossProfit,2016-12-31,26798000000
MSFT,GrossProfit,2016-12-31,30009000000
MSFT,GrossProfit,2016-12-31,14189000000
MSFT,GrossProfit,2016-12-31,14189000000
MSFT,GrossProfit,2016-12-31,15925000000
MSFT,GrossProfit,2016-12-31,15925000000
MSFT,GrossProfit,2017-03-31,40828000000
MSFT,GrossProfit,2017-03-31,45161000000
MSFT,GrossProfit,2017-03-31,14030000000
MSFT,GrossProfit,2017-03-31,14030000000
MSFT,GrossProfit,2017-03-31,15152000000
MSFT,GrossProfit,2017-03-31,15152000000
MSFT,GrossProfit,2017-06-30,55689000000
MSFT,GrossProfit,2017-06-30,62310000000
MSFT,GrossProfit,2017-06-30,62310000000
MSFT,GrossProfit,2017-06-30,14861000000
MSFT,GrossProfit,2017-06-30,17149000000
MSFT,GrossProfit,2017-09-30,16260000000
MSFT,GrossProfit,2017-09-30,16260000000
MSFT,GrossProfit,2017-09-30,16260000000
MSFT,GrossProfit,2017-09-30,16260000000
MSFT,GrossProfit,2017-12-31,34114000000
MSFT,GrossProfit,2017-12-31,34114000000
MSFT,GrossProfit,2017-12-31,17854000000
MSFT,GrossProfit,2017-12-31,17854000000
MSFT,GrossProfit,2017-12-31,17854000000
MSFT,GrossProfit,2017-12-31,17854000000
MSFT,GrossProfit,2018-03-31,51664000000
MSFT,GrossProfit,2018-03-31,51664000000
MSFT,GrossProfit,2018-03-31,17550000000
MSFT,GrossProfit,2018-03-31,17550000000
MSFT,GrossProfit,2018-03-31,17550000000
MSFT,GrossProfit,2018-03-31,17550000000
MSFT,GrossProfit,2018-06-30,72007000000
MSFT,GrossProfit,2018-06-30,72007000000
MSFT,GrossProfit,2018-06-30,72007000000
MSFT,GrossProfit,2018-06-30,20343000000
MSFT,GrossProfit,2018-06-30,20343000000
MSFT,GrossProfit,2018-09-30,19179000000
MSFT,GrossProfit,2018-09-30,19179000000
MSFT,GrossProfit,2018-09-30,19179000000
MSFT,GrossProfit,2018-09-30,19179000000
MSFT,GrossProfit,2018-12-31,39227000000
MSFT,GrossProfit,2018-12-31,39227000000
MSFT,GrossProfit,2018-12-31,20048000000
MSFT,GrossProfit,2018-12-31,20048000000
MSFT,GrossProfit,2018-12-31,20048000000
MSFT,GrossProfit,2018-12-31,20048000000
MSFT,GrossProfit,2019-03-31,59628000000
MSFT,GrossProfit,2019-03-31,59628000000
MSFT,GrossProfit,2019-03-31,20401000000
MSFT,GrossProfit,2019-03-31,20401000000
MSFT,GrossProfit,2019-03-31,20401000000
MSFT,GrossProfit,2019-03-31,20401000000
MSFT,GrossProfit,2019-06-30,82933000000
MSFT,GrossProfit,2019-06-30,82933000000
MSFT,GrossProfit,2019-06-30,82933000000
MSFT,GrossProfit,2019-06-30,23305000000
MSFT,GrossProfit,2019-06-30,23305000000
MSFT,GrossProfit,2019-09-30,22649000000
MSFT,GrossProfit,2019-09-30,22649000000
MSFT,GrossProfit,2019-09-30,22649000000
MSFT,GrossProfit,2019-12-31,47197000000
MSFT,GrossProfit,2019-12-31,47197000000
MSFT,GrossProfit,2019-12-31,24548000000
MSFT,GrossProfit,2019-12-31,24548000000
MSFT,GrossProfit,2019-12-31,24548000000
MSFT,GrossProfit,2020-03-31,71243000000
MSFT,GrossProfit,2020-03-31,71243000000
MSFT,GrossProfit,2020-03-31,24046000000
MSFT,GrossProfit,2020-03-31,24046000000
MSFT,GrossProfit,2020-03-31,24046000000
MSFT,GrossProfit,2020-06-30,96937000000
MSFT,GrossProfit,2020-06-30,96937000000
MSFT,GrossProfit,2020-06-30,96937000000
MSFT,GrossProfit,2020-06-30,25694000000
MSFT,GrossProfit,2020-09-30,26152000000
MSFT,GrossProfit,2020-09-30,26152000000
MSFT,GrossProfit,2020-12-31,55034000000
MSFT,GrossProfit,2020-12-31,55034000000
MSFT,GrossProfit,2020-12-31,28882000000
MSFT,GrossProfit,2020-12-31,28882000000
MSFT,GrossProfit,2021-03-31,83695000000
MSFT,GrossProfit,2021-03-31,83695000000
MSFT,GrossProfit,2021-03-31,28661000000
MSFT,GrossProfit,2021-03-31,28661000000
MSFT,GrossProfit,2021-06-30,115856000000
MSFT,GrossProfit,2021-06-30,115856000000
MSFT,GrossProfit,2021-06-30,115856000000
MSFT,GrossProfit,2021-09-30,31671000000
MSFT,GrossProfit,2021-09-30,31671000000
MSFT,GrossProfit,2021-12-31,66439000000
MSFT,GrossProfit,2021-12-31,66439000000
MSFT,GrossProfit,2021-12-31,34768000000
MSFT,GrossProfit,2021-12-31,34768000000
MSFT,GrossProfit,2022-03-31,100184000000
MSFT,GrossProfit,2022-03-31,100184000000
MSFT,GrossProfit,2022-03-31,33745000000
MSFT,GrossProfit,2022-03-31,33745000000
MSFT,GrossProfit,2022-06-30,135620000000
MSFT,GrossProfit,2022-06-30,135620000000
MSFT,GrossProfit,2022-06-30,135620000000
MSFT,GrossProfit,2022-09-30,34670000000
MSFT,GrossProfit,2022-09-30,34670000000
MSFT,GrossProfit,2022-12-31,69929000000
MSFT,GrossProfit,2022-12-31,69929000000
MSFT,GrossProfit,2022-12-31,35259000000
MSFT,GrossProfit,2022-12-31,35259000000
MSFT,GrossProfit,2023-03-31,106658000000
MSFT,GrossProfit,2023-03-31,106658000000
MSFT,GrossProfit,2023-03-31,36729000000
MSFT,GrossProfit,2023-03-31,36729000000
MSFT,GrossProfit,2023-06-30,146052000000
MSFT,GrossProfit,2023-06-30,146052000000
MSFT,GrossProfit,2023-09-30,40215000000
MSFT,GrossProfit,2023-09-30,40215000000
MSFT,GrossProfit,2023-12-31,82612000000
MSFT,GrossProfit,2023-12-31,42397000000
MSFT,GrossProfit,2024-03-31,125965000000
MSFT,GrossProfit,2024-03-31,43353000000
MSFT,GrossProfit,2024-06-30,171008000000
MSFT,GrossProfit,2024-09-30,45486000000
GOOGL,Assets,2014-12-31,130426000000
GOOGL,Assets,2014-12-31,129187000000
GOOGL,Assets,2015-09-30,144281000000
GOOGL,Assets,2015-12-31,147461000000
GOOGL,Assets,2015-12-31,147461000000
GOOGL,Assets,2015-12-31,147461000000
GOOGL,Assets,2015-12-31,147461000000
GOOGL,Assets,2015-12-31,147461000000
GOOGL,Assets,2016-03-31,149747000000
GOOGL,Assets,2016-06-30,154292000000
GOOGL,Assets,2016-09-30,159948000000
GOOGL,Assets,2016-12-31,167497000000
GOOGL,Assets,2016-12-31,167497000000
GOOGL,Assets,2016-12-31,167497000000
GOOGL,Assets,2016-12-31,167497000000
GOOGL,Assets,2016-12-31,167497000000
GOOGL,Assets,2017-03-31,172756000000
GOOGL,Assets,2017-06-30,178621000000
GOOGL,Assets,2017-09-30,189536000000
GOOGL,Assets,2017-12-31,197295000000
GOOGL,Assets,2017-12-31,197295000000
GOOGL,Assets,2017-12-31,197295000000
GOOGL,Assets,2017-12-31,197295000000
GOOGL,Assets,2017-12-31,197295000000
GOOGL,Assets,2018-03-31,206935000000
GOOGL,Assets,2018-06-30,211610000000
GOOGL,Assets,2018-09-30,221538000000
GOOGL,Assets,2018-12-31,232792000000
GOOGL,Assets,2018-12-31,232792000000
GOOGL,Assets,2018-12-31,232792000000
GOOGL,Assets,2018-12-31,232792000000
GOOGL,Assets,2018-12-31,232792000000
GOOGL,Assets,2019-03-31,245349000000
GOOGL,Assets,2019-06-30,257101000000
GOOGL,Assets,2019-09-30,263044000000
GOOGL,Assets,2019-12-31,275909000000
GOOGL,Assets,2019-12-31,275909000000
GOOGL,Assets,2019-12-31,275909000000
GOOGL,Assets,2019-12-31,275909000000
GOOGL,Assets,2019-12-31,275909000000
GOOGL,Assets,2020-03-31,273403000000
GOOGL,Assets,2020-06-30,278492000000
GOOGL,Assets,2020-09-30,299243000000
GOOGL,Assets,2020-12-31,319616000000
GOOGL,Assets,2020-12-31,319616000000
GOOGL,Assets,2020-12-31,319616000000
GOOGL,Assets,2020-12-31,319616000000
GOOGL,Assets,2020-12-31,319616000000
GOOGL,Assets,2021-03-31,327095000000
GOOGL,Assets,2021-06-30,335387000000
GOOGL,Assets,2021-09-30,347403000000
GOOGL,Assets,2021-12-31,359268000000
GOOGL,Assets,2021-12-31,359268000000
GOOGL,Assets,2021-12-31,359268000000
GOOGL,Assets,2021-12-31,359268000000
GOOGL,Assets,2021-12-31,359268000000
GOOGL,Assets,2022-03-31,357096000000
GOOGL,Assets,2022-06-30,355185000000
GOOGL,Assets,2022-09-30,358255000000
GOOGL,Assets,2022-12-31,365264000000
GOOGL,Assets,2022-12-31,365264000000
GOOGL,Assets,2022-12-31,365264000000
GOOGL,Assets,2022-12-31,365264000000
GOOGL,Assets,2022-12-31,365264000000
GOOGL,Assets,2023-03-31,369491000000
GOOGL,Assets,2023-06-30,383044000000
GOOGL,Assets,2023-09-30,396711000000
GOOGL,Assets,2023-12-31,402392000000
GOOGL,Assets,2023-12-31,402392000000
GOOGL,Assets,2023-12-31,402392000000
GOOGL,Assets,2023-12-31,402392000000
GOOGL,Assets,2024-03-31,407350000000
GOOGL,Assets,2024-06-30,414770000000
GOOGL,Assets,2024-09-30,430266000000
GOOGL,Liabilities,2015-12-31,27130000000
GOOGL,Liabilities,2015-12-31,27130000000
GOOGL,Liabilities,2015-12-31,27130000000
GOOGL,Liabilities,2015-12-31,27130000000
GOOGL,Liabilities,2016-03-31,26178000000
GOOGL,Liabilities,2016-06-30,26413000000
GOOGL,Liabilities,2016-09-30,25845000000
GOOGL,Liabilities,2016-12-31,28461000000
GOOGL,Liabilities,2016-12-31,28461000000
GOOGL,Liabilities,2016-12-31,28461000000
GOOGL,Liabilities,2016-12-31,28461000000
GOOGL,Liabilities,2016-12-31,28461000000
GOOGL,Liabilities,2017-03-31,27807000000
GOOGL,Liabilities,2017-06-30,30335000000
GOOGL,Liabilities,2017-09-30,32436000000
GOOGL,Liabilities,2017-12-31,44793000000
GOOGL,Liabilities,2017-12-31,44793000000
GOOGL,Liabilities,2017-12-31,44793000000
GOOGL,Liabilities,2017-12-31,44793000000
GOOGL,Liabilities,2017-12-31,44793000000
GOOGL,Liabilities,2018-03-31,46110000000
GOOGL,Liabilities,2018-06-30,49610000000
GOOGL,Liabilities,2018-09-30,51698000000
GOOGL,Liabilities,2018-12-31,55164000000
GOOGL,Liabilities,2018-12-31,55164000000
GOOGL,Liabilities,2018-12-31,55164000000
GOOGL,Liabilities,2018-12-31,55164000000
GOOGL,Liabilities,2018-12-31,55164000000
GOOGL,Liabilities,2019-03-31,61877000000
GOOGL,Liabilities,2019-06-30,64909000000
GOOGL,Liabilities,2019-09-30,68075000000
GOOGL,Liabilities,2019-12-31,74467000000
GOOGL,Liabilities,2019-12-31,74467000000
GOOGL,Liabilities,2019-12-31,74467000000
GOOGL,Liabilities,2019-12-31,74467000000
GOOGL,Liabilities,2019-12-31,74467000000
GOOGL,Liabilities,2020-03-31,69744000000
GOOGL,Liabilities,2020-06-30,71170000000
GOOGL,Liabilities,2020-09-30,86323000000
GOOGL,Liabilities,2020-12-31,97072000000
GOOGL,Liabilities,2020-12-31,97072000000
GOOGL,Liabilities,2020-12-31,97072000000
GOOGL,Liabilities,2020-12-31,97072000000
GOOGL,Liabilities,2020-12-31,97072000000
GOOGL,Liabilities,2021-03-31,97082000000
GOOGL,Liabilities,2021-06-30,97822000000
GOOGL,Liabilities,2021-09-30,102836000000
GOOGL,Liabilities,2021-12-31,107633000000
GOOGL,Liabilities,2021-12-31,107633000000
GOOGL,Liabilities,2021-12-31,107633000000
GOOGL,Liabilities,2021-12-31,107633000000
GOOGL,Liabilities,2021-12-31,107633000000
GOOGL,Liabilities,2022-03-31,103092000000
GOOGL,Liabilities,2022-06-30,99766000000
GOOGL,Liabilities,2022-09-30,104629000000
GOOGL,Liabilities,2022-12-31,109120000000
GOOGL,Liabilities,2022-12-31,109120000000
GOOGL,Liabilities,2022-12-31,109120000000
GOOGL,Liabilities,2022-12-31,109120000000
GOOGL,Liabilities,2022-12-31,109120000000
GOOGL,Liabilities,2023-03-31,108597000000
GOOGL,Liabilities,2023-06-30,115903000000
GOOGL,Liabilities,2023-09-30,123509000000
GOOGL,Liabilities,2023-12-31,119013000000
GOOGL,Liabilities,2023-12-31,119013000000
GOOGL,Liabilities,2023-12-31,119013000000
GOOGL,Liabilities,2023-12-31,119013000000
GOOGL,Liabilities,2024-03-31,114506000000
GOOGL,Liabilities,2024-06-30,114017000000
GOOGL,Liabilities,2024-09-30,116147000000
GOOGL,Revenues,2013-12-31,55519000000
GOOGL,Revenues,2014-09-30,47898000000
GOOGL,Revenues,2014-09-30,16523000000
GOOGL,Revenues,2014-12-31,66001000000
GOOGL,Revenues,2014-12-31,66001000000
GOOGL,Revenues,2015-03-31,17258000000
GOOGL,Revenues,2015-06-30,34985000000
GOOGL,Revenues,2015-06-30,17727000000
GOOGL,Revenues,2015-09-30,53660000000
GOOGL,Revenues,2015-09-30,53660000000
GOOGL,Revenues,2015-09-30,18675000000
GOOGL,Revenues,2015-09-30,18675000000
GOOGL,Revenues,2015-12-31,74989000000
GOOGL,Revenues,2015-12-31,74989000000
GOOGL,Revenues,2015-12-31,74989000000
GOOGL,Revenues,2016-03-31,20257000000
GOOGL,Revenues,2016-03-31,20257000000
GOOGL,Revenues,2016-06-30,41757000000
GOOGL,Revenues,2016-06-30,41757000000
GOOGL,Revenues,2016-06-30,21500000000
GOOGL,Revenues,2016-06-30,21500000000
GOOGL,Revenues,2016-09-30,64208000000
GOOGL,Revenues,2016-09-30,64208000000
GOOGL,Revenues,2016-09-30,22451000000
GOOGL,Revenues,2016-09-30,22451000000
GOOGL,Revenues,2016-12-31,90272000000
GOOGL,Revenues,2016-12-31,90272000000
GOOGL,Revenues,2017-03-31,24750000000
GOOGL,Revenues,2017-03-31,24750000000
GOOGL,Revenues,2017-06-30,50760000000
GOOGL,Revenues,2017-06-30,50760000000
GOOGL,Revenues,2017-06-30,26010000000
GOOGL,Revenues,2017-06-30,26010000000
GOOGL,Revenues,2017-09-30,78532000000
GOOGL,Revenues,2017-09-30,78532000000
GOOGL,Revenues,2017-09-30,27772000000
GOOGL,Revenues,2017-09-30,27772000000
GOOGL,Revenues,2017-12-31,110855000000
GOOGL,Revenues,2018-03-31,31146000000
GOOGL,Revenues,2018-03-31,31146000000
GOOGL,Revenues,2018-06-30,63803000000
GOOGL,Revenues,2018-06-30,32657000000
GOOGL,Revenues,2018-09-30,97543000000
GOOGL,Revenues,2018-09-30,33740000000
GOOGL,Revenues,2018-12-31,136819000000
GOOGL,Revenues,2019-03-31,36339000000
GOOGL,Revenues,2019-12-31,161857000000
GOOGL,Revenues,2019-12-31,161857000000
GOOGL,Revenues,2020-03-31,41159000000
GOOGL,Revenues,2020-06-30,79456000000
GOOGL,Revenues,2020-06-30,38297000000
GOOGL,Revenues,2020-12-31,182527000000
GOOGL,Revenues,2020-12-31,182527000000
GOOGL,Revenues,2021-03-31,55314000000
GOOGL,Revenues,2021-06-30,117194000000
GOOGL,Revenues,2021-06-30,61880000000
GOOGL,Revenues,2021-12-31,257637000000
GOOGL,NetIncomeLoss,2013-12-31,12733000000
GOOGL,NetIncomeLoss,2014-09-30,9461000000
GOOGL,NetIncomeLoss,2014-09-30,2739000000
GOOGL,NetIncomeLoss,2014-12-31,14136000000
GOOGL,NetIncomeLoss,2014-12-31,14136000000
GOOGL,NetIncomeLoss,2015-03-31,3515000000
GOOGL,NetIncomeLoss,2015-03-31,3515000000
GOOGL,NetIncomeLoss,2015-06-30,7446000000
GOOGL,NetIncomeLoss,2015-06-30,3931000000
GOOGL,NetIncomeLoss,2015-09-30,11425000000
GOOGL,NetIncomeLoss,2015-09-30,11425000000
GOOGL,NetIncomeLoss,2015-09-30,3979000000
GOOGL,NetIncomeLoss,2015-09-30,3979000000
GOOGL,NetIncomeLoss,2015-12-31,16348000000
GOOGL,NetIncomeLoss,2015-12-31,16348000000
GOOGL,NetIncomeLoss,2015-12-31,16348000000
GOOGL,NetIncomeLoss,2016-03-31,4207000000
GOOGL,NetIncomeLoss,2016-03-31,4207000000
GOOGL,NetIncomeLoss,2016-06-30,9084000000
GOOGL,NetIncomeLoss,2016-06-30,9084000000
GOOGL,NetIncomeLoss,2016-06-30,4877000000
GOOGL,NetIncomeLoss,2016-06-30,4877000000
GOOGL,NetIncomeLoss,2016-09-30,14145000000
GOOGL,NetIncomeLoss,2016-09-30,14145000000
GOOGL,NetIncomeLoss,2016-09-30,5061000000
GOOGL,NetIncomeLoss,2016-09-30,5061000000
GOOGL,NetIncomeLoss,2016-12-31,19478000000
GOOGL,NetIncomeLoss,2016-12-31,19478000000
GOOGL,NetIncomeLoss,2016-12-31,19478000000
GOOGL,NetIncomeLoss,2017-03-31,5426000000
GOOGL,NetIncomeLoss,2017-03-31,5426000000
GOOGL,NetIncomeLoss,2017-06-30,8950000000
GOOGL,NetIncomeLoss,2017-06-30,8950000000
GOOGL,NetIncomeLoss,2017-06-30,3524000000
GOOGL,NetIncomeLoss,2017-06-30,3524000000
GOOGL,NetIncomeLoss,2017-09-30,15682000000
GOOGL,NetIncomeLoss,2017-09-30,15682000000
GOOGL,NetIncomeLoss,2017-09-30,6732000000
GOOGL,NetIncomeLoss,2017-09-30,6732000000
GOOGL,NetIncomeLoss,2017-12-31,12662000000
GOOGL,NetIncomeLoss,2017-12-31,12662000000
GOOGL,NetIncomeLoss,2017-12-31,12662000000
GOOGL,NetIncomeLoss,2018-03-31,9401000000
GOOGL,NetIncomeLoss,2018-03-31,9401000000
GOOGL,NetIncomeLoss,2018-06-30,12596000000
GOOGL,NetIncomeLoss,2018-06-30,12596000000
GOOGL,NetIncomeLoss,2018-06-30,3195000000
GOOGL,NetIncomeLoss,2018-06-30,3195000000
GOOGL,NetIncomeLoss,2018-09-30,21788000000
GOOGL,NetIncomeLoss,2018-09-30,21788000000
GOOGL,NetIncomeLoss,2018-09-30,9192000000
GOOGL,NetIncomeLoss,2018-09-30,9192000000
GOOGL,NetIncomeLoss,2018-12-31,30736000000
GOOGL,NetIncomeLoss,2018-12-31,30736000000
GOOGL,NetIncomeLoss,2018-12-31,30736000000
GOOGL,NetIncomeLoss,2019-03-31,6657000000
GOOGL,NetIncomeLoss,2019-03-31,6657000000
GOOGL,NetIncomeLoss,2019-06-30,16604000000
GOOGL,NetIncomeLoss,2019-06-30,16604000000
GOOGL,NetIncomeLoss,2019-06-30,9947000000
GOOGL,NetIncomeLoss,2019-06-30,9947000000
GOOGL,NetIncomeLoss,2019-09-30,23672000000
GOOGL,NetIncomeLoss,2019-09-30,23672000000
GOOGL,NetIncomeLoss,2019-09-30,7068000000
GOOGL,NetIncomeLoss,2019-09-30,7068000000
GOOGL,NetIncomeLoss,2019-12-31,34343000000
GOOGL,NetIncomeLoss,2019-12-31,34343000000
GOOGL,NetIncomeLoss,2019-12-31,34343000000
GOOGL,NetIncomeLoss,2020-03-31,6836000000
GOOGL,NetIncomeLoss,2020-03-31,6836000000
GOOGL,NetIncomeLoss,2020-06-30,13795000000
GOOGL,NetIncomeLoss,2020-06-30,13795000000
GOOGL,NetIncomeLoss,2020-06-30,6959000000
GOOGL,NetIncomeLoss,2020-06-30,6959000000
GOOGL,NetIncomeLoss,2020-09-30,25042000000
GOOGL,NetIncomeLoss,2020-09-30,25042000000
GOOGL,NetIncomeLoss,2020-09-30,11247000000
GOOGL,NetIncomeLoss,2020-09-30,11247000000
GOOGL,NetIncomeLoss,2020-12-31,40269000000
GOOGL,NetIncomeLoss,2020-12-31,40269000000
GOOGL,NetIncomeLoss,2020-12-31,40269000000
GOOGL,NetIncomeLoss,2021-03-31,17930000000
GOOGL,NetIncomeLoss,2021-03-31,17930000000
GOOGL,NetIncomeLoss,2021-06-30,36455000000
GOOGL,NetIncomeLoss,2021-06-30,36455000000
GOOGL,NetIncomeLoss,2021-06-30,18525000000
GOOGL,NetIncomeLoss,2021-06-30,18525000000
GOOGL,NetIncomeLoss,2021-09-30,55391000000
GOOGL,NetIncomeLoss,2021-09-30,55391000000
GOOGL,NetIncomeLoss,2021-09-30,18936000000
GOOGL,NetIncomeLoss,2021-09-30,18936000000
GOOGL,NetIncomeLoss,2021-12-31,76033000000
GOOGL,NetIncomeLoss,2021-12-31,76033000000
GOOGL,NetIncomeLoss,2021-12-31,76033000000
GOOGL,NetIncomeLoss,2022-03-31,16436000000
GOOGL,NetIncomeLoss,2022-03-31,16436000000
GOOGL,NetIncomeLoss,2022-06-30,32438000000
GOOGL,NetIncomeLoss,2022-06-30,32438000000
GOOGL,NetIncomeLoss,2022-06-30,16002000000
GOOGL,NetIncomeLoss,2022-06-30,16002000000
GOOGL,NetIncomeLoss,2022-09-30,46348000000
GOOGL,NetIncomeLoss,2022-09-30,46348000000
GOOGL,NetIncomeLoss,2022-09-30,13910000000
GOOGL,NetIncomeLoss,2022-09-30,13910000000
GOOGL,NetIncomeLoss,2022-12-31,59972000000
GOOGL,NetIncomeLoss,2022-12-31,59972000000
GOOGL,NetIncomeLoss,2023-03-31,15051000000
GOOGL,NetIncomeLoss,2023-03-31,15051000000
GOOGL,NetIncomeLoss,2023-06-30,33419000000
GOOGL,NetIncomeLoss,2023-06-30,33419000000
GOOGL,NetIncomeLoss,2023-06-30,18368000000
GOOGL,NetIncomeLoss,2023-06-30,18368000000
GOOGL,NetIncomeLoss,2023-09-30,53108000000
GOOGL,NetIncomeLoss,2023-09-30,53108000000
GOOGL,NetIncomeLoss,2023-09-30,19689000000
GOOGL,NetIncomeLoss,2023-09-30,19689000000
GOOGL,NetIncomeLoss,2023-12-31,73795000000
GOOGL,NetIncomeLoss,2024-03-31,23662000000
GOOGL,NetIncomeLoss,2024-06-30,47281000000
GOOGL,NetIncomeLoss,2024-06-30,23619000000
GOOGL,NetIncomeLoss,2024-09-30,73582000000
GOOGL,NetIncomeLoss,2024-09-30,26301000000
